dstport,protocol,tag
587,tcp,sv_P1077
50000,tcp,sv_P1948
123,udp,sv_P2093
68,tcp,sv_P1029
8080,udp,sv_P1683
53,tcp,sv_P2189
443,tcp,sv_P2218
22,tcp,sv_P1640
443,tcp,sv_P1093
22,udp,sv_P2312
80,tcp,sv_P1737
67,tcp,sv_P2401
53,tcp,sv_P695
3306,tcp,sv_P2177
465,udp,sv_P1414
465,udp,sv_P2121
21,udp,sv_P611
587,udp,sv_P987
3306,udp,sv_P2370
995,tcp,sv_P648
53,udp,sv_P448
465,udp,sv_P2044
5432,udp,sv_P854
22,udp,sv_P1817
8080,tcp,sv_P2169
27017,udp,sv_P434
669,udp,sv_P2433
25,tcp,sv_P327
143,tcp,sv_P1847
993,tcp,sv_P2365
110,tcp,sv_P206
80,udp,sv_P819
194,udp,sv_P2209
8443,tcp,sv_P2240
110,tcp,sv_P180
8443,tcp,sv_P2442
194,udp,sv_P2272
5432,udp,sv_P2472
80,udp,sv_P953
587,tcp,sv_P1942
993,udp,sv_P717
23,udp,sv_P1530
25,udp,sv_P2469
21,tcp,sv_P1181
53,udp,sv_P2466
3306,tcp,sv_P1718
28017,udp,sv_P410
669,udp,sv_P2208
53,tcp,sv_P213
143,tcp,sv_P1270
143,tcp,sv_P2041
8080,udp,sv_P1655
8080,tcp,sv_P2328
3306,tcp,sv_P1575
22,tcp,sv_P2308
669,tcp,sv_P2377
587,tcp,sv_P803
3306,udp,sv_P1454
3306,udp,sv_P1014
5432,tcp,sv_P1653
443,tcp,sv_P1351
28017,tcp,sv_P2003
669,tcp,sv_P1659
50000,tcp,sv_P156
161,tcp,sv_P1289
993,udp,sv_P2282
27017,tcp,sv_P2253
8443,udp,sv_P1082
161,tcp,sv_P295
110,tcp,sv_P92
27017,tcp,sv_P1662
80,tcp,sv_P2323
669,udp,sv_P647
53,tcp,sv_P216
669,udp,sv_P1109
67,tcp,sv_P731
67,udp,sv_P1759
123,udp,sv_P2448
995,tcp,sv_P1299
443,udp,sv_P1816
80,udp,sv_P1093
3306,udp,sv_P2141
465,tcp,sv_P1824
669,tcp,sv_P2195
8080,tcp,sv_P1527
80,udp,sv_P1478
21,tcp,sv_P1479
465,tcp,sv_P200
143,tcp,sv_P1670
669,udp,sv_P1975
587,udp,sv_P306
21,udp,sv_P140
669,udp,sv_P1327
8080,tcp,sv_P1817
993,tcp,sv_P909
162,tcp,sv_P2047
80,udp,sv_P1515
23,udp,sv_P3
68,udp,sv_P96
50000,tcp,sv_P1292
161,tcp,sv_P2322
443,tcp,sv_P1266
25,udp,sv_P623
21,tcp,sv_P235
28017,udp,sv_P1711
53,tcp,sv_P2375
22,udp,sv_P743
80,udp,sv_P2223
28017,tcp,sv_P215
21,tcp,sv_P854
194,udp,sv_P1757
443,tcp,sv_P1337
8080,tcp,sv_P118
3306,udp,sv_P811
110,udp,sv_P1934
465,udp,sv_P1392
22,tcp,sv_P1243
8443,tcp,sv_P1257
28017,udp,sv_P1264
465,tcp,sv_P1308
465,tcp,sv_P239
22,udp,sv_P18
3306,tcp,sv_P2207
28017,tcp,sv_P1354
669,tcp,sv_P25
22,udp,sv_P287
80,udp,sv_P1245
22,udp,sv_P702
587,udp,sv_P1139
8443,tcp,sv_P2012
6379,udp,sv_P2078
995,tcp,sv_P115
110,udp,sv_P896
443,tcp,sv_P1680
6379,tcp,sv_P1570
587,tcp,sv_P712
995,udp,sv_P1223
21,tcp,sv_P130
161,udp,sv_P2276
123,udp,sv_P76
28017,udp,sv_P1020
587,tcp,sv_P925
161,tcp,sv_P123
23,udp,sv_P1408
8080,tcp,sv_P773
669,udp,sv_P594
3306,tcp,sv_P832
5432,tcp,sv_P844
3306,tcp,sv_P839
27017,udp,sv_P1581
161,tcp,sv_P2371
50000,tcp,sv_P1234
194,tcp,sv_P459
8080,tcp,sv_P88
443,udp,sv_P1935
53,udp,sv_P1226
143,tcp,sv_P2461
465,tcp,sv_P202
465,tcp,sv_P1788
28017,tcp,sv_P1356
68,tcp,sv_P2299
6379,udp,sv_P2063
21,udp,sv_P1087
5432,tcp,sv_P1547
80,udp,sv_P74
123,tcp,sv_P2263
993,tcp,sv_P675
587,tcp,sv_P2435
5432,tcp,sv_P1898
27017,tcp,sv_P470
8080,udp,sv_P646
21,tcp,sv_P647
110,tcp,sv_P2288
194,tcp,sv_P584
27017,tcp,sv_P1396
587,tcp,sv_P2038
587,udp,sv_P356
161,tcp,sv_P2385
80,udp,sv_P249
993,udp,sv_P1515
27017,tcp,sv_P1589
50000,tcp,sv_P361
25,udp,sv_P1713
6379,udp,sv_P2141
162,udp,sv_P268
25,tcp,sv_P1710
162,udp,sv_P971
123,udp,sv_P1858
28017,tcp,sv_P1601
8443,udp,sv_P1261
123,udp,sv_P201
161,tcp,sv_P604
143,udp,sv_P744
443,udp,sv_P1728
67,udp,sv_P1567
194,tcp,sv_P1784
25,tcp,sv_P824
443,udp,sv_P451
53,udp,sv_P569
587,udp,sv_P2180
587,udp,sv_P27
995,tcp,sv_P795
53,tcp,sv_P1740
68,tcp,sv_P1552
28017,udp,sv_P2422
8080,udp,sv_P724
161,tcp,sv_P797
67,udp,sv_P1639
8080,udp,sv_P797
143,tcp,sv_P317
80,tcp,sv_P2095
995,udp,sv_P851
995,tcp,sv_P128
50000,udp,sv_P81
995,udp,sv_P2091
161,tcp,sv_P994
669,tcp,sv_P2496
80,tcp,sv_P1524
28017,udp,sv_P1637
161,tcp,sv_P424
28017,tcp,sv_P939
28017,udp,sv_P40
110,udp,sv_P1633
23,udp,sv_P2120
161,tcp,sv_P165
67,udp,sv_P2090
465,udp,sv_P611
53,udp,sv_P973
68,tcp,sv_P2034
110,tcp,sv_P1872
28017,tcp,sv_P2473
5432,tcp,sv_P1509
465,udp,sv_P917
23,tcp,sv_P105
995,tcp,sv_P1719
6379,udp,sv_P1847
23,tcp,sv_P1654
143,udp,sv_P2189
5432,tcp,sv_P966
53,tcp,sv_P2246
3306,udp,sv_P1164
8443,tcp,sv_P1795
8443,tcp,sv_P2057
587,tcp,sv_P576
50000,udp,sv_P1662
50000,tcp,sv_P679
23,tcp,sv_P554
443,udp,sv_P1513
110,tcp,sv_P1059
8443,udp,sv_P1938
110,tcp,sv_P1669
8443,tcp,sv_P1731
53,tcp,sv_P1405
22,udp,sv_P1652
50000,udp,sv_P2021
162,tcp,sv_P1851
8080,udp,sv_P1690
23,tcp,sv_P1578
123,tcp,sv_P768
194,udp,sv_P1456
6379,udp,sv_P1941
194,tcp,sv_P957
161,udp,sv_P1931
143,udp,sv_P2495
162,tcp,sv_P391
162,tcp,sv_P2352
587,udp,sv_P1084
21,udp,sv_P1935
23,udp,sv_P1951
194,tcp,sv_P139
995,tcp,sv_P2464
50000,tcp,sv_P1026
162,udp,sv_P1597
53,udp,sv_P848
67,tcp,sv_P785
8080,tcp,sv_P259
669,tcp,sv_P1194
23,udp,sv_P1497
22,udp,sv_P2008
162,tcp,sv_P2233
28017,tcp,sv_P2160
67,udp,sv_P849
53,udp,sv_P2477
993,udp,sv_P1135
6379,tcp,sv_P509
123,udp,sv_P1689
22,tcp,sv_P1660
3306,udp,sv_P882
53,tcp,sv_P1278
22,tcp,sv_P2219
995,udp,sv_P419
123,udp,sv_P2310
6379,tcp,sv_P2248
8080,tcp,sv_P2457
67,tcp,sv_P54
53,tcp,sv_P293
162,udp,sv_P139
161,udp,sv_P2116
162,tcp,sv_P463
3306,udp,sv_P1725
465,udp,sv_P2085
3306,tcp,sv_P2206
28017,tcp,sv_P1593
5432,tcp,sv_P1599
3306,tcp,sv_P1578
465,tcp,sv_P181
8080,tcp,sv_P850
995,tcp,sv_P2323
25,udp,sv_P233
995,udp,sv_P1947
143,tcp,sv_P2462
465,tcp,sv_P1275
995,udp,sv_P1042
162,tcp,sv_P718
993,tcp,sv_P1662
5432,tcp,sv_P523
143,tcp,sv_P2385
5432,tcp,sv_P295
3306,tcp,sv_P813
21,udp,sv_P176
194,udp,sv_P2423
443,udp,sv_P1239
28017,tcp,sv_P829
443,tcp,sv_P1389
443,udp,sv_P177
25,udp,sv_P1185
67,udp,sv_P1610
669,udp,sv_P615
465,tcp,sv_P1100
68,tcp,sv_P326
22,tcp,sv_P2365
6379,tcp,sv_P1391
3306,udp,sv_P1305
8080,udp,sv_P307
28017,tcp,sv_P2210
23,tcp,sv_P2009
123,udp,sv_P221
669,udp,sv_P1501
28017,udp,sv_P1733
25,udp,sv_P508
8443,tcp,sv_P380
161,tcp,sv_P1574
80,udp,sv_P2247
587,udp,sv_P125
6379,tcp,sv_P2429
3306,tcp,sv_P2041
23,tcp,sv_P1930
161,udp,sv_P622
143,udp,sv_P1070
80,tcp,sv_P1089
443,udp,sv_P2027
465,tcp,sv_P2135
6379,udp,sv_P536
53,udp,sv_P432
993,tcp,sv_P688
8080,udp,sv_P1461
6379,tcp,sv_P228
443,tcp,sv_P84
3306,udp,sv_P1528
161,tcp,sv_P1937
995,udp,sv_P706
21,udp,sv_P125
21,tcp,sv_P1641
465,tcp,sv_P1034
5432,tcp,sv_P722
25,tcp,sv_P726
25,tcp,sv_P1865
22,tcp,sv_P484
3306,udp,sv_P995
53,tcp,sv_P131
25,udp,sv_P1964
143,udp,sv_P741
110,udp,sv_P2334
110,udp,sv_P174
8443,udp,sv_P748
27017,udp,sv_P809
110,tcp,sv_P155
6379,tcp,sv_P876
162,udp,sv_P2204
8443,tcp,sv_P460
25,tcp,sv_P374
465,tcp,sv_P2447
8443,udp,sv_P349
161,tcp,sv_P775
50000,udp,sv_P1575
21,tcp,sv_P1127
465,udp,sv_P2476
995,tcp,sv_P2109
465,tcp,sv_P1500
3306,tcp,sv_P1897
68,tcp,sv_P627
587,tcp,sv_P5
23,udp,sv_P1833
23,udp,sv_P1861
28017,tcp,sv_P106
123,udp,sv_P1490
6379,udp,sv_P406
27017,udp,sv_P1649
669,udp,sv_P1569
587,tcp,sv_P2070
8080,tcp,sv_P705
3306,udp,sv_P988
993,udp,sv_P747
123,udp,sv_P438
110,tcp,sv_P394
50000,tcp,sv_P1554
6379,tcp,sv_P1358
22,udp,sv_P892
68,tcp,sv_P1674
23,tcp,sv_P185
993,udp,sv_P1829
3306,udp,sv_P2140
162,udp,sv_P2307
587,udp,sv_P1441
28017,udp,sv_P529
50000,tcp,sv_P725
28017,tcp,sv_P83
25,tcp,sv_P1783
8443,tcp,sv_P860
143,tcp,sv_P1750
123,tcp,sv_P362
110,tcp,sv_P1542
25,udp,sv_P112
8080,tcp,sv_P2230
669,tcp,sv_P2030
5432,udp,sv_P1407
22,tcp,sv_P655
23,udp,sv_P852
161,udp,sv_P1077
443,udp,sv_P2382
80,udp,sv_P2403
28017,tcp,sv_P2273
25,udp,sv_P480
3306,tcp,sv_P1189
67,tcp,sv_P2297
995,udp,sv_P2298
28017,udp,sv_P2277
669,udp,sv_P2311
67,udp,sv_P392
67,tcp,sv_P440
68,udp,sv_P349
23,udp,sv_P691
3306,tcp,sv_P644
28017,udp,sv_P1993
162,udp,sv_P1975
28017,tcp,sv_P1793
67,udp,sv_P1195
8443,udp,sv_P653
162,udp,sv_P395
27017,tcp,sv_P1892
21,tcp,sv_P1417
993,tcp,sv_P2359
8443,tcp,sv_P1471
587,udp,sv_P1543
67,tcp,sv_P2439
6379,tcp,sv_P1702
53,tcp,sv_P1171
68,udp,sv_P831
110,tcp,sv_P332
25,tcp,sv_P166
995,udp,sv_P1388
669,tcp,sv_P2100
67,udp,sv_P1886
669,tcp,sv_P2338
587,udp,sv_P2040
50000,tcp,sv_P2182
23,tcp,sv_P954
23,tcp,sv_P1960
993,udp,sv_P1755
8443,tcp,sv_P1642
669,tcp,sv_P2245
25,tcp,sv_P71
21,tcp,sv_P1630
23,tcp,sv_P2098
28017,tcp,sv_P1971
587,tcp,sv_P1404
6379,tcp,sv_P2125
123,tcp,sv_P1829
123,tcp,sv_P1881
161,tcp,sv_P1092
993,udp,sv_P858
28017,tcp,sv_P1770
27017,tcp,sv_P1102
8080,udp,sv_P2078
8080,udp,sv_P1557
162,udp,sv_P760
161,tcp,sv_P508
110,udp,sv_P1511
161,tcp,sv_P975
587,tcp,sv_P1620
8443,udp,sv_P886
443,udp,sv_P2154
143,udp,sv_P1767
22,tcp,sv_P625
8443,udp,sv_P541
8080,udp,sv_P1998
22,udp,sv_P894
194,udp,sv_P2332
8443,udp,sv_P1422
5432,tcp,sv_P2471
443,tcp,sv_P2382
25,udp,sv_P909
27017,udp,sv_P1846
67,udp,sv_P1944
669,udp,sv_P310
6379,tcp,sv_P821
123,tcp,sv_P926
587,tcp,sv_P1344
67,udp,sv_P41
5432,tcp,sv_P1867
50000,udp,sv_P17
993,tcp,sv_P1108
123,udp,sv_P1513
80,tcp,sv_P539
8080,udp,sv_P973
110,udp,sv_P2061
53,udp,sv_P226
23,udp,sv_P2250
67,udp,sv_P2397
123,udp,sv_P1484
22,udp,sv_P1194
143,udp,sv_P760
995,udp,sv_P2046
194,tcp,sv_P988
50000,udp,sv_P414
993,tcp,sv_P832
27017,tcp,sv_P852
995,tcp,sv_P2315
50000,udp,sv_P1613
143,tcp,sv_P129
68,udp,sv_P2214
6379,udp,sv_P680
161,tcp,sv_P1433
161,tcp,sv_P934
587,udp,sv_P424
5432,udp,sv_P493
27017,udp,sv_P386
21,tcp,sv_P1467
28017,tcp,sv_P1273
465,udp,sv_P778
161,udp,sv_P888
8080,tcp,sv_P66
27017,tcp,sv_P894
21,udp,sv_P421
993,udp,sv_P1607
993,tcp,sv_P1607
21,udp,sv_P1852
110,udp,sv_P2352
5432,udp,sv_P1239
162,tcp,sv_P896
8443,tcp,sv_P565
587,tcp,sv_P637
21,udp,sv_P2192
21,udp,sv_P119
995,tcp,sv_P689
669,tcp,sv_P1413
22,tcp,sv_P1375
143,tcp,sv_P1625
465,tcp,sv_P1652
25,udp,sv_P2346
8080,udp,sv_P1566
587,udp,sv_P140
123,tcp,sv_P2262
669,udp,sv_P834
993,udp,sv_P2402
162,udp,sv_P23
194,tcp,sv_P2088
443,tcp,sv_P1617
162,udp,sv_P2314
110,tcp,sv_P795
50000,udp,sv_P2214
110,tcp,sv_P1236
68,udp,sv_P1708
443,tcp,sv_P2097
23,tcp,sv_P1043
53,tcp,sv_P682
22,udp,sv_P287
194,tcp,sv_P604
587,udp,sv_P940
443,udp,sv_P1124
21,udp,sv_P1805
22,udp,sv_P1273
27017,tcp,sv_P582
25,tcp,sv_P2143
28017,udp,sv_P1599
143,udp,sv_P275
995,udp,sv_P883
27017,udp,sv_P1512
8443,tcp,sv_P2271
21,udp,sv_P1294
5432,udp,sv_P1461
25,udp,sv_P1264
194,tcp,sv_P2075
669,tcp,sv_P231
443,udp,sv_P712
465,tcp,sv_P1895
28017,udp,sv_P1268
995,tcp,sv_P1141
162,udp,sv_P2339
443,tcp,sv_P527
67,udp,sv_P588
669,udp,sv_P2229
8080,tcp,sv_P148
5432,udp,sv_P398
3306,tcp,sv_P1213
143,tcp,sv_P1285
22,udp,sv_P1384
162,tcp,sv_P363
993,tcp,sv_P975
995,tcp,sv_P349
23,udp,sv_P954
443,tcp,sv_P639
669,tcp,sv_P606
27017,udp,sv_P1827
23,udp,sv_P949
587,tcp,sv_P1404
110,udp,sv_P2093
6379,tcp,sv_P1788
123,tcp,sv_P1828
162,tcp,sv_P857
161,udp,sv_P1793
50000,tcp,sv_P768
28017,tcp,sv_P698
25,udp,sv_P1791
50000,tcp,sv_P1506
22,udp,sv_P2393
8443,udp,sv_P1485
6379,udp,sv_P2174
194,udp,sv_P211
5432,tcp,sv_P93
67,udp,sv_P2407
3306,udp,sv_P1930
123,udp,sv_P2426
67,tcp,sv_P1652
465,tcp,sv_P1509
21,udp,sv_P1354
161,udp,sv_P1926
3306,udp,sv_P823
465,tcp,sv_P1618
8443,tcp,sv_P1473
53,udp,sv_P1147
50000,tcp,sv_P2256
28017,tcp,sv_P1957
162,udp,sv_P2354
443,tcp,sv_P1692
143,tcp,sv_P740
8443,udp,sv_P2457
53,tcp,sv_P2108
23,udp,sv_P1299
53,tcp,sv_P357
27017,tcp,sv_P1214
995,tcp,sv_P1561
465,udp,sv_P1655
143,udp,sv_P1924
5432,udp,sv_P433
8080,udp,sv_P1339
21,udp,sv_P1328
669,udp,sv_P1878
67,udp,sv_P1543
143,tcp,sv_P579
68,udp,sv_P1166
27017,udp,sv_P1280
68,tcp,sv_P1328
443,udp,sv_P982
161,tcp,sv_P826
162,tcp,sv_P1682
161,tcp,sv_P84
27017,udp,sv_P808
669,tcp,sv_P2121
80,tcp,sv_P1252
162,tcp,sv_P506
123,udp,sv_P270
465,tcp,sv_P1551
8443,udp,sv_P742
669,tcp,sv_P1864
161,tcp,sv_P1879
22,tcp,sv_P2278
50000,tcp,sv_P1943
80,udp,sv_P2092
28017,tcp,sv_P1653
23,udp,sv_P1299
443,tcp,sv_P229
21,tcp,sv_P70
80,tcp,sv_P2078
6379,tcp,sv_P1987
443,tcp,sv_P985
110,udp,sv_P902
6379,udp,sv_P654
6379,tcp,sv_P2436
669,tcp,sv_P1520
8080,udp,sv_P333
68,udp,sv_P1303
123,udp,sv_P618
21,udp,sv_P1580
28017,udp,sv_P580
587,udp,sv_P1449
3306,tcp,sv_P2450
669,tcp,sv_P1352
23,tcp,sv_P660
21,udp,sv_P874
22,udp,sv_P786
3306,udp,sv_P1054
25,tcp,sv_P1435
22,udp,sv_P2379
23,tcp,sv_P2320
23,udp,sv_P1017
22,udp,sv_P557
21,tcp,sv_P1233
669,tcp,sv_P1638
8080,tcp,sv_P1700
28017,udp,sv_P2048
110,udp,sv_P2284
8080,tcp,sv_P1810
443,udp,sv_P1711
3306,tcp,sv_P1595
162,udp,sv_P1477
3306,udp,sv_P2023
123,udp,sv_P2226
80,udp,sv_P440
21,udp,sv_P319
68,udp,sv_P1761
995,tcp,sv_P511
8443,tcp,sv_P1608
25,udp,sv_P1269
25,udp,sv_P1651
6379,udp,sv_P469
143,tcp,sv_P292
5432,tcp,sv_P1605
6379,tcp,sv_P357
443,udp,sv_P11
993,udp,sv_P120
80,tcp,sv_P1469
194,tcp,sv_P726
53,tcp,sv_P689
162,tcp,sv_P393
21,tcp,sv_P1767
53,udp,sv_P27
23,tcp,sv_P206
6379,tcp,sv_P425
123,tcp,sv_P1914
3306,udp,sv_P415
123,tcp,sv_P1260
587,udp,sv_P460
587,udp,sv_P436
28017,tcp,sv_P870
993,tcp,sv_P1163
162,tcp,sv_P186
110,udp,sv_P897
80,udp,sv_P2498
25,udp,sv_P814
194,udp,sv_P1376
67,tcp,sv_P1511
25,tcp,sv_P359
995,udp,sv_P2363
21,tcp,sv_P1681
68,tcp,sv_P1746
161,udp,sv_P1134
25,udp,sv_P787
123,tcp,sv_P1559
25,udp,sv_P713
194,tcp,sv_P1122
67,udp,sv_P1821
22,udp,sv_P2356
8443,tcp,sv_P884
28017,udp,sv_P1245
21,udp,sv_P483
22,tcp,sv_P512
68,tcp,sv_P927
68,udp,sv_P1811
8080,udp,sv_P630
123,tcp,sv_P158
465,tcp,sv_P2133
22,tcp,sv_P1548
28017,tcp,sv_P2468
53,udp,sv_P988
53,udp,sv_P1553
993,udp,sv_P710
67,tcp,sv_P1798
5432,tcp,sv_P2415
465,udp,sv_P1274
6379,udp,sv_P2446
993,tcp,sv_P1343
68,udp,sv_P324
465,tcp,sv_P253
110,udp,sv_P1341
162,udp,sv_P2189
22,tcp,sv_P1734
6379,udp,sv_P20
995,udp,sv_P1530
143,udp,sv_P1372
162,udp,sv_P1520
68,udp,sv_P1604
587,udp,sv_P1480
67,udp,sv_P965
587,tcp,sv_P1240
22,tcp,sv_P22
8080,tcp,sv_P1856
80,tcp,sv_P608
25,udp,sv_P2402
27017,udp,sv_P1684
23,udp,sv_P2109
67,udp,sv_P1108
993,udp,sv_P2244
6379,tcp,sv_P280
21,udp,sv_P1123
68,tcp,sv_P276
194,udp,sv_P91
80,tcp,sv_P74
162,tcp,sv_P344
465,tcp,sv_P1817
21,udp,sv_P58
50000,tcp,sv_P1475
161,udp,sv_P761
995,udp,sv_P142
53,udp,sv_P522
28017,udp,sv_P2006
53,tcp,sv_P463
669,tcp,sv_P2088
5432,tcp,sv_P2304
993,udp,sv_P1517
8080,tcp,sv_P604
6379,tcp,sv_P454
80,tcp,sv_P1023
123,tcp,sv_P1575
161,tcp,sv_P455
465,tcp,sv_P1840
110,tcp,sv_P120
50000,udp,sv_P2474
162,udp,sv_P106
8080,tcp,sv_P2076
161,udp,sv_P1549
162,udp,sv_P837
194,udp,sv_P910
28017,tcp,sv_P2245
8443,udp,sv_P2008
21,tcp,sv_P872
669,tcp,sv_P346
8080,udp,sv_P2188
123,udp,sv_P1976
194,tcp,sv_P323
587,udp,sv_P529
161,tcp,sv_P281
161,udp,sv_P616
27017,tcp,sv_P2356
23,udp,sv_P1759
995,udp,sv_P1116
995,tcp,sv_P41
80,tcp,sv_P956
465,tcp,sv_P1739
995,udp,sv_P1867
161,tcp,sv_P360
993,udp,sv_P536
669,udp,sv_P1995
587,udp,sv_P2427
28017,udp,sv_P188
443,tcp,sv_P355
587,udp,sv_P1267
194,tcp,sv_P49
50000,udp,sv_P1259
8080,tcp,sv_P1810
28017,udp,sv_P1581
993,udp,sv_P881
53,tcp,sv_P265
53,tcp,sv_P2369
21,tcp,sv_P17
6379,udp,sv_P2336
161,tcp,sv_P916
8080,udp,sv_P2216
68,udp,sv_P1833
8443,udp,sv_P2167
669,tcp,sv_P333
194,tcp,sv_P1850
162,tcp,sv_P749
8080,tcp,sv_P394
6379,tcp,sv_P1801
6379,udp,sv_P337
21,udp,sv_P1972
587,tcp,sv_P1577
995,udp,sv_P1106
123,udp,sv_P2076
8080,tcp,sv_P1235
68,tcp,sv_P421
28017,tcp,sv_P690
53,udp,sv_P1812
8080,tcp,sv_P1257
993,tcp,sv_P2173
80,udp,sv_P2094
3306,udp,sv_P2485
8080,udp,sv_P2265
110,tcp,sv_P2273
28017,tcp,sv_P852
110,tcp,sv_P1573
8443,tcp,sv_P181
67,udp,sv_P821
67,udp,sv_P2322
6379,tcp,sv_P2166
194,tcp,sv_P1312
80,tcp,sv_P2220
25,udp,sv_P136
123,udp,sv_P557
8443,udp,sv_P656
28017,tcp,sv_P760
465,udp,sv_P1242
25,udp,sv_P904
50000,udp,sv_P1493
27017,udp,sv_P990
22,tcp,sv_P1262
80,tcp,sv_P1135
995,udp,sv_P2454
80,udp,sv_P24
28017,tcp,sv_P383
8443,udp,sv_P2051
27017,udp,sv_P578
28017,tcp,sv_P382
5432,udp,sv_P288
194,udp,sv_P826
587,udp,sv_P1562
465,tcp,sv_P2313
993,tcp,sv_P301
23,udp,sv_P1053
587,tcp,sv_P841
67,udp,sv_P1606
50000,tcp,sv_P935
587,udp,sv_P522
22,udp,sv_P1347
123,tcp,sv_P1988
995,udp,sv_P1858
21,udp,sv_P649
6379,tcp,sv_P500
123,udp,sv_P2061
68,tcp,sv_P748
194,tcp,sv_P2118
8443,udp,sv_P771
110,tcp,sv_P39
50000,tcp,sv_P185
995,tcp,sv_P1884
194,tcp,sv_P77
67,udp,sv_P817
50000,udp,sv_P2293
5432,tcp,sv_P1073
587,udp,sv_P2365
80,tcp,sv_P2087
443,tcp,sv_P855
27017,udp,sv_P1675
995,tcp,sv_P1326
5432,tcp,sv_P2025
67,udp,sv_P2013
669,tcp,sv_P2155
22,tcp,sv_P2414
993,udp,sv_P1024
25,udp,sv_P1487
995,udp,sv_P2057
67,udp,sv_P1896
6379,tcp,sv_P1799
50000,udp,sv_P1973
5432,tcp,sv_P1972
27017,udp,sv_P1081
5432,udp,sv_P290
143,tcp,sv_P1333
50000,tcp,sv_P2398
587,tcp,sv_P467
443,udp,sv_P1498
68,tcp,sv_P2436
50000,tcp,sv_P969
194,udp,sv_P1891
6379,udp,sv_P1279
23,udp,sv_P1133
123,udp,sv_P804
68,tcp,sv_P587
25,udp,sv_P889
587,tcp,sv_P844
21,tcp,sv_P1413
5432,udp,sv_P1863
143,udp,sv_P841
162,udp,sv_P1940
587,udp,sv_P491
25,tcp,sv_P2331
80,udp,sv_P1121
22,tcp,sv_P622
443,udp,sv_P2208
162,tcp,sv_P552
669,tcp,sv_P801
995,udp,sv_P1670
123,tcp,sv_P2279
23,tcp,sv_P2261
162,udp,sv_P455
465,udp,sv_P126
25,udp,sv_P2488
68,udp,sv_P1207
6379,tcp,sv_P1468
50000,udp,sv_P254
27017,udp,sv_P1203
22,tcp,sv_P2124
123,udp,sv_P550
161,udp,sv_P712
67,tcp,sv_P1921
28017,tcp,sv_P1869
21,udp,sv_P111
161,udp,sv_P6
53,tcp,sv_P889
8443,tcp,sv_P527
67,udp,sv_P1786
3306,tcp,sv_P1085
6379,udp,sv_P1615
8080,tcp,sv_P650
123,tcp,sv_P1058
22,udp,sv_P716
993,tcp,sv_P225
123,tcp,sv_P872
993,tcp,sv_P240
6379,tcp,sv_P1545
50000,tcp,sv_P1511
68,tcp,sv_P344
194,tcp,sv_P2191
80,udp,sv_P942
50000,tcp,sv_P1179
123,tcp,sv_P2335
53,tcp,sv_P1225
6379,tcp,sv_P2086
669,tcp,sv_P1685
162,tcp,sv_P2128
53,tcp,sv_P294
587,udp,sv_P1583
68,udp,sv_P1288
21,udp,sv_P826
5432,udp,sv_P697
8443,udp,sv_P2
587,tcp,sv_P978
3306,tcp,sv_P253
162,tcp,sv_P324
995,tcp,sv_P84
123,tcp,sv_P1749
443,udp,sv_P216
587,tcp,sv_P1883
27017,udp,sv_P754
143,tcp,sv_P2025
162,tcp,sv_P2396
995,tcp,sv_P1920
669,udp,sv_P270
23,udp,sv_P1037
443,udp,sv_P11
6379,tcp,sv_P1508
110,udp,sv_P2251
8080,udp,sv_P2084
162,tcp,sv_P2269
28017,tcp,sv_P303
143,tcp,sv_P761
80,tcp,sv_P2187
6379,tcp,sv_P2465
5432,udp,sv_P1073
123,tcp,sv_P1751
162,tcp,sv_P1296
21,tcp,sv_P639
6379,tcp,sv_P61
22,tcp,sv_P83
443,tcp,sv_P2113
21,tcp,sv_P1001
161,tcp,sv_P2357
995,tcp,sv_P139
68,tcp,sv_P2284
25,udp,sv_P286
110,tcp,sv_P607
5432,tcp,sv_P1813
27017,tcp,sv_P2172
28017,tcp,sv_P1978
465,tcp,sv_P1761
587,udp,sv_P2500
162,udp,sv_P2060
6379,udp,sv_P796
21,udp,sv_P1925
5432,udp,sv_P550
8080,tcp,sv_P1508
143,udp,sv_P1735
143,tcp,sv_P721
194,tcp,sv_P1971
8443,udp,sv_P2259
587,udp,sv_P399
27017,udp,sv_P1333
53,udp,sv_P572
25,tcp,sv_P209
143,udp,sv_P263
3306,tcp,sv_P2326
194,tcp,sv_P2498
8080,udp,sv_P2473
8443,udp,sv_P1432
67,udp,sv_P2249
110,udp,sv_P999
21,udp,sv_P2160
669,udp,sv_P652
162,udp,sv_P743
6379,tcp,sv_P1007
23,udp,sv_P1325
22,tcp,sv_P1444
25,tcp,sv_P796
6379,udp,sv_P2315
143,udp,sv_P1613
143,udp,sv_P515
162,tcp,sv_P768
53,tcp,sv_P653
28017,udp,sv_P777
587,udp,sv_P2340
80,tcp,sv_P1409
6379,udp,sv_P1643
67,udp,sv_P1554
110,udp,sv_P519
68,tcp,sv_P412
28017,udp,sv_P55
68,tcp,sv_P932
23,udp,sv_P961
669,udp,sv_P1549
443,tcp,sv_P1818
27017,tcp,sv_P257
53,udp,sv_P2089
6379,udp,sv_P17
993,tcp,sv_P1977
162,udp,sv_P1079
5432,udp,sv_P379
995,tcp,sv_P767
995,udp,sv_P1072
669,udp,sv_P1428
162,udp,sv_P1421
80,tcp,sv_P653
162,tcp,sv_P1203
25,tcp,sv_P2288
80,tcp,sv_P1495
53,udp,sv_P536
465,tcp,sv_P1936
22,udp,sv_P73
194,udp,sv_P2300
587,tcp,sv_P1064
23,udp,sv_P704
465,tcp,sv_P29
8080,udp,sv_P1217
110,udp,sv_P1628
6379,udp,sv_P511
194,udp,sv_P2466
162,tcp,sv_P2118
669,udp,sv_P1970
28017,udp,sv_P441
8443,udp,sv_P2122
53,udp,sv_P1893
123,tcp,sv_P68
587,tcp,sv_P518
25,udp,sv_P2258
669,tcp,sv_P368
995,udp,sv_P1561
80,tcp,sv_P150
27017,tcp,sv_P1059
25,tcp,sv_P454
53,tcp,sv_P1503
6379,udp,sv_P841
161,tcp,sv_P1905
465,udp,sv_P173
443,tcp,sv_P238
23,udp,sv_P1134
161,udp,sv_P1763
993,tcp,sv_P924
143,udp,sv_P2235
25,tcp,sv_P509
162,tcp,sv_P452
3306,tcp,sv_P1390
587,udp,sv_P1965
194,udp,sv_P1872
27017,udp,sv_P258
110,tcp,sv_P1436
53,tcp,sv_P707
21,tcp,sv_P1
23,tcp,sv_P222
27017,udp,sv_P2462
8443,tcp,sv_P804
23,tcp,sv_P2200
21,tcp,sv_P1043
53,udp,sv_P1960
995,udp,sv_P1158
143,udp,sv_P762
50000,udp,sv_P1237
8443,tcp,sv_P800
21,udp,sv_P2151
587,udp,sv_P2169
587,tcp,sv_P2389
995,tcp,sv_P1269
68,udp,sv_P73
27017,tcp,sv_P121
110,udp,sv_P1538
21,udp,sv_P269
27017,tcp,sv_P1117
995,tcp,sv_P647
3306,tcp,sv_P749
587,udp,sv_P1380
162,tcp,sv_P1029
6379,tcp,sv_P1632
22,tcp,sv_P1988
5432,tcp,sv_P560
8443,tcp,sv_P1927
21,tcp,sv_P604
25,udp,sv_P2372
80,udp,sv_P426
123,tcp,sv_P1936
8443,udp,sv_P2405
995,udp,sv_P607
161,udp,sv_P1847
8080,udp,sv_P2194
3306,udp,sv_P226
23,tcp,sv_P2390
23,tcp,sv_P1488
50000,udp,sv_P1073
3306,tcp,sv_P602
25,tcp,sv_P2392
995,udp,sv_P1874
5432,udp,sv_P1645
23,tcp,sv_P1919
465,tcp,sv_P36
669,tcp,sv_P1929
3306,tcp,sv_P670
443,tcp,sv_P826
22,udp,sv_P1956
587,udp,sv_P541
22,udp,sv_P277
67,tcp,sv_P373
22,tcp,sv_P51
123,tcp,sv_P597
22,udp,sv_P1944
110,tcp,sv_P2234
8080,udp,sv_P2173
993,udp,sv_P1460
110,tcp,sv_P2442
995,tcp,sv_P285
669,tcp,sv_P1936
6379,udp,sv_P2091
67,tcp,sv_P96
21,tcp,sv_P1037
68,tcp,sv_P600
80,tcp,sv_P669
465,tcp,sv_P2220
27017,udp,sv_P1539
669,udp,sv_P1963
22,udp,sv_P2196
5432,tcp,sv_P858
669,udp,sv_P235
194,udp,sv_P687
68,tcp,sv_P1864
68,udp,sv_P1887
22,tcp,sv_P1730
8443,udp,sv_P1120
8080,tcp,sv_P2195
162,tcp,sv_P2124
28017,udp,sv_P1762
8443,tcp,sv_P368
3306,udp,sv_P1920
143,udp,sv_P2103
27017,tcp,sv_P59
993,tcp,sv_P1127
3306,udp,sv_P2419
669,tcp,sv_P310
110,udp,sv_P213
123,tcp,sv_P652
465,tcp,sv_P1078
27017,tcp,sv_P428
80,tcp,sv_P2368
27017,udp,sv_P2061
80,tcp,sv_P1001
27017,tcp,sv_P350
110,tcp,sv_P764
110,udp,sv_P371
5432,udp,sv_P717
587,tcp,sv_P1220
161,udp,sv_P2111
68,udp,sv_P164
50000,udp,sv_P1121
143,tcp,sv_P1239
110,udp,sv_P1137
194,tcp,sv_P1106
23,udp,sv_P1251
50000,udp,sv_P453
110,udp,sv_P2350
28017,udp,sv_P1780
993,udp,sv_P2085
53,udp,sv_P432
8443,udp,sv_P1549
23,tcp,sv_P1234
443,udp,sv_P2181
8080,tcp,sv_P171
22,udp,sv_P1851
27017,udp,sv_P1203
161,tcp,sv_P410
6379,tcp,sv_P1447
8443,tcp,sv_P1032
143,udp,sv_P497
465,udp,sv_P1335
8080,tcp,sv_P559
194,tcp,sv_P2463
110,udp,sv_P1271
143,tcp,sv_P394
6379,udp,sv_P2500
995,tcp,sv_P7
22,tcp,sv_P1358
443,tcp,sv_P577
25,tcp,sv_P1094
143,tcp,sv_P2426
22,udp,sv_P2284
80,udp,sv_P1914
27017,tcp,sv_P1047
6379,udp,sv_P1821
6379,udp,sv_P2480
23,udp,sv_P1430
5432,udp,sv_P204
143,udp,sv_P1837
669,tcp,sv_P543
68,tcp,sv_P2434
68,udp,sv_P2096
53,tcp,sv_P305
68,udp,sv_P1371
110,udp,sv_P2457
67,udp,sv_P2290
68,tcp,sv_P1220
123,tcp,sv_P2329
27017,tcp,sv_P1476
993,tcp,sv_P1708
25,udp,sv_P504
8080,tcp,sv_P1257
21,udp,sv_P1674
443,tcp,sv_P380
8443,udp,sv_P2385
669,tcp,sv_P671
993,udp,sv_P831
161,udp,sv_P2441
28017,tcp,sv_P1897
110,tcp,sv_P460
23,udp,sv_P440
67,tcp,sv_P880
3306,tcp,sv_P2223
5432,tcp,sv_P2195
8080,udp,sv_P573
22,tcp,sv_P1436
22,udp,sv_P2300
80,tcp,sv_P1197
8080,tcp,sv_P2175
23,tcp,sv_P11
161,tcp,sv_P494
143,udp,sv_P2006
143,tcp,sv_P2061
22,udp,sv_P224
669,tcp,sv_P795
669,tcp,sv_P1079
587,udp,sv_P911
25,tcp,sv_P407
6379,udp,sv_P2312
143,udp,sv_P172
67,tcp,sv_P79
3306,tcp,sv_P2097
28017,tcp,sv_P407
67,udp,sv_P274
465,udp,sv_P1262
68,udp,sv_P842
22,udp,sv_P873
27017,tcp,sv_P1986
162,tcp,sv_P1132
123,tcp,sv_P732
161,udp,sv_P181
669,tcp,sv_P2286
28017,tcp,sv_P1340
587,tcp,sv_P972
21,tcp,sv_P1059
465,tcp,sv_P1619
53,tcp,sv_P2094
25,udp,sv_P2192
68,tcp,sv_P300
50000,tcp,sv_P804
143,tcp,sv_P2333
28017,tcp,sv_P2385
995,tcp,sv_P1130
587,tcp,sv_P1978
162,tcp,sv_P1294
22,udp,sv_P1344
27017,udp,sv_P1089
3306,tcp,sv_P308
25,tcp,sv_P1840
194,tcp,sv_P2173
143,udp,sv_P420
25,tcp,sv_P1717
28017,udp,sv_P375
161,udp,sv_P2274
995,tcp,sv_P332
162,tcp,sv_P714
162,udp,sv_P57
6379,udp,sv_P1432
162,udp,sv_P2300
443,tcp,sv_P2209
67,tcp,sv_P33
587,udp,sv_P1781
50000,tcp,sv_P1692
25,udp,sv_P1316
194,udp,sv_P1638
28017,udp,sv_P777
21,udp,sv_P1092
669,tcp,sv_P2265
21,udp,sv_P2082
465,udp,sv_P752
443,udp,sv_P1772
5432,tcp,sv_P25
23,tcp,sv_P1585
23,udp,sv_P1998
8080,tcp,sv_P1018
5432,tcp,sv_P39
80,udp,sv_P653
8443,tcp,sv_P1497
23,udp,sv_P268
50000,udp,sv_P2484
143,tcp,sv_P468
28017,tcp,sv_P50
22,tcp,sv_P1691
6379,udp,sv_P988
28017,tcp,sv_P259
443,tcp,sv_P961
669,udp,sv_P625
25,udp,sv_P210
22,tcp,sv_P2195
465,udp,sv_P344
8080,tcp,sv_P697
28017,tcp,sv_P135
143,tcp,sv_P596
28017,udp,sv_P1962
23,tcp,sv_P1546
6379,udp,sv_P1391
5432,tcp,sv_P2355
5432,udp,sv_P167
587,udp,sv_P1509
22,udp,sv_P2473
443,tcp,sv_P828
5432,tcp,sv_P1465
3306,udp,sv_P1676
8443,tcp,sv_P1956
23,udp,sv_P1812
5432,udp,sv_P2232
5432,udp,sv_P2222
80,tcp,sv_P1230
27017,tcp,sv_P239
80,tcp,sv_P971
3306,tcp,sv_P1984
443,tcp,sv_P464
67,udp,sv_P1862
993,udp,sv_P825
669,tcp,sv_P1307
53,tcp,sv_P2460
21,tcp,sv_P1552
995,udp,sv_P1275
993,tcp,sv_P567
53,tcp,sv_P127
161,udp,sv_P1178
6379,udp,sv_P1349
6379,tcp,sv_P1438
443,tcp,sv_P176
53,udp,sv_P2365
22,udp,sv_P876
587,tcp,sv_P246
669,tcp,sv_P1180
27017,tcp,sv_P139
28017,tcp,sv_P1364
6379,udp,sv_P1463
5432,tcp,sv_P754
110,tcp,sv_P2101
110,udp,sv_P506
22,udp,sv_P880
22,udp,sv_P1850
50000,tcp,sv_P1871
8443,udp,sv_P640
3306,tcp,sv_P1035
110,tcp,sv_P1489
68,tcp,sv_P863
162,tcp,sv_P2455
80,tcp,sv_P587
80,tcp,sv_P53
50000,udp,sv_P481
21,tcp,sv_P1188
28017,tcp,sv_P2370
80,tcp,sv_P2112
123,udp,sv_P232
53,tcp,sv_P1942
143,udp,sv_P1820
8443,udp,sv_P1947
587,udp,sv_P2314
993,tcp,sv_P235
110,tcp,sv_P2020
110,udp,sv_P2500
123,tcp,sv_P596
669,udp,sv_P1350
993,udp,sv_P781
587,tcp,sv_P1035
80,tcp,sv_P33
27017,udp,sv_P2058
110,tcp,sv_P1135
28017,udp,sv_P252
143,tcp,sv_P1221
8080,tcp,sv_P1096
995,tcp,sv_P558
28017,tcp,sv_P2364
23,udp,sv_P1583
465,udp,sv_P1923
669,udp,sv_P2059
23,tcp,sv_P1145
110,udp,sv_P721
23,udp,sv_P1545
8080,udp,sv_P187
5432,udp,sv_P847
23,tcp,sv_P2257
162,tcp,sv_P1836
443,tcp,sv_P660
995,tcp,sv_P1834
25,udp,sv_P1538
25,udp,sv_P1071
67,udp,sv_P1477
25,tcp,sv_P428
162,udp,sv_P1620
3306,tcp,sv_P1056
21,tcp,sv_P88
443,udp,sv_P2452
67,udp,sv_P691
995,tcp,sv_P421
80,tcp,sv_P2301
110,tcp,sv_P2328
27017,udp,sv_P2072
27017,tcp,sv_P1155
587,tcp,sv_P516
587,udp,sv_P645
8080,udp,sv_P841
587,tcp,sv_P854
110,udp,sv_P1837
443,tcp,sv_P640
80,udp,sv_P572
25,tcp,sv_P2443
993,udp,sv_P1434
123,udp,sv_P371
23,udp,sv_P1907
993,udp,sv_P699
465,tcp,sv_P151
8080,udp,sv_P1269
669,tcp,sv_P1261
161,tcp,sv_P874
194,udp,sv_P1656
67,udp,sv_P875
669,udp,sv_P653
5432,tcp,sv_P369
22,tcp,sv_P553
8080,udp,sv_P1832
50000,tcp,sv_P2289
8080,udp,sv_P849
28017,udp,sv_P456
143,udp,sv_P1403
587,tcp,sv_P884
110,udp,sv_P50
465,tcp,sv_P1980
22,udp,sv_P183
123,udp,sv_P653
50000,udp,sv_P806
68,udp,sv_P243
21,udp,sv_P1315
28017,tcp,sv_P1848
669,udp,sv_P1738
995,udp,sv_P1748
6379,tcp,sv_P1795
22,tcp,sv_P1450
5432,udp,sv_P1239
587,tcp,sv_P2355
23,udp,sv_P540
67,tcp,sv_P209
28017,tcp,sv_P913
8080,udp,sv_P962
27017,tcp,sv_P1103
8080,tcp,sv_P918
50000,udp,sv_P1722
3306,tcp,sv_P1497
22,udp,sv_P2397
110,tcp,sv_P145
465,udp,sv_P1743
67,tcp,sv_P886
3306,tcp,sv_P1205
194,tcp,sv_P295
8080,tcp,sv_P2413
68,tcp,sv_P594
995,tcp,sv_P2308
68,udp,sv_P1694
587,tcp,sv_P1904
80,tcp,sv_P1069
194,udp,sv_P272
465,udp,sv_P122
465,tcp,sv_P2221
50000,udp,sv_P2036
27017,tcp,sv_P1633
161,tcp,sv_P2045
3306,tcp,sv_P1724
68,udp,sv_P183
3306,udp,sv_P950
587,udp,sv_P665
162,udp,sv_P1841
27017,udp,sv_P1164
28017,udp,sv_P1937
123,udp,sv_P1298
67,udp,sv_P365
28017,udp,sv_P1933
27017,udp,sv_P1301
8080,tcp,sv_P545
8443,udp,sv_P722
993,tcp,sv_P737
161,tcp,sv_P301
3306,udp,sv_P958
443,tcp,sv_P5
22,tcp,sv_P5
5432,udp,sv_P904
194,udp,sv_P819
21,tcp,sv_P432
443,udp,sv_P55
669,tcp,sv_P1471
161,tcp,sv_P1209
465,tcp,sv_P2044
143,tcp,sv_P2356
443,udp,sv_P147
50000,tcp,sv_P2466
465,udp,sv_P1882
162,tcp,sv_P1895
53,tcp,sv_P53
3306,udp,sv_P312
67,udp,sv_P1956
110,tcp,sv_P1522
194,udp,sv_P29
21,udp,sv_P1507
21,tcp,sv_P859
995,udp,sv_P142
28017,udp,sv_P1148
8080,udp,sv_P1046
53,udp,sv_P2453
161,tcp,sv_P2491
123,udp,sv_P1457
587,tcp,sv_P583
8443,tcp,sv_P1264
68,udp,sv_P1097
993,tcp,sv_P1492
993,tcp,sv_P2409
443,tcp,sv_P520
443,udp,sv_P181
28017,tcp,sv_P2090
80,tcp,sv_P1086
27017,tcp,sv_P2217
80,udp,sv_P477
6379,udp,sv_P760
5432,tcp,sv_P1598
50000,tcp,sv_P1814
6379,tcp,sv_P2197
68,udp,sv_P1522
23,tcp,sv_P2129
28017,tcp,sv_P1569
22,tcp,sv_P1921
8080,tcp,sv_P1173
110,udp,sv_P1099
68,tcp,sv_P193
995,udp,sv_P249
194,tcp,sv_P1900
53,tcp,sv_P130
162,tcp,sv_P1569
53,tcp,sv_P594
3306,udp,sv_P1672
53,udp,sv_P1661
143,udp,sv_P697
123,tcp,sv_P1071
161,udp,sv_P2242
110,tcp,sv_P2374
53,tcp,sv_P911
22,udp,sv_P911
465,tcp,sv_P1961
27017,udp,sv_P884
25,tcp,sv_P2099
68,tcp,sv_P488
8443,udp,sv_P258
23,tcp,sv_P2442
27017,tcp,sv_P383
28017,udp,sv_P634
50000,tcp,sv_P540
443,udp,sv_P1643
27017,udp,sv_P513
3306,udp,sv_P1343
587,udp,sv_P2202
123,udp,sv_P436
194,tcp,sv_P2273
443,udp,sv_P1263
162,tcp,sv_P917
80,tcp,sv_P1968
995,tcp,sv_P521
21,udp,sv_P604
80,tcp,sv_P775
194,tcp,sv_P2416
443,tcp,sv_P99
465,tcp,sv_P888
53,udp,sv_P221
3306,udp,sv_P917
143,tcp,sv_P1580
162,udp,sv_P2058
53,tcp,sv_P1198
143,udp,sv_P1285
80,tcp,sv_P297
6379,udp,sv_P1576
68,udp,sv_P1086
3306,tcp,sv_P712
50000,tcp,sv_P217
53,tcp,sv_P1263
587,tcp,sv_P15
110,udp,sv_P1638
3306,udp,sv_P299
110,tcp,sv_P811
21,tcp,sv_P839
162,tcp,sv_P1754
443,tcp,sv_P2383
587,udp,sv_P1159
669,tcp,sv_P1282
50000,tcp,sv_P1355
21,tcp,sv_P2297
53,tcp,sv_P1910
5432,udp,sv_P56
110,udp,sv_P2004
194,udp,sv_P429
5432,tcp,sv_P1870
25,udp,sv_P1377
50000,udp,sv_P740
993,udp,sv_P299
5432,tcp,sv_P585
53,tcp,sv_P2074
23,tcp,sv_P111
143,udp,sv_P1753
27017,udp,sv_P172
23,udp,sv_P2089
3306,tcp,sv_P80
23,tcp,sv_P2159
3306,tcp,sv_P2363
25,udp,sv_P2298
194,tcp,sv_P49
23,tcp,sv_P172
80,tcp,sv_P1811
5432,tcp,sv_P1
53,udp,sv_P2446
3306,tcp,sv_P1626
50000,udp,sv_P1320
194,tcp,sv_P735
28017,udp,sv_P225
27017,udp,sv_P1905
21,tcp,sv_P1675
68,tcp,sv_P2132
995,tcp,sv_P460
28017,tcp,sv_P202
22,tcp,sv_P859
67,udp,sv_P1713
161,tcp,sv_P2164
143,tcp,sv_P2399
23,udp,sv_P532
465,udp,sv_P1833
443,udp,sv_P2038
6379,tcp,sv_P2498
995,tcp,sv_P2436
993,tcp,sv_P1850
110,tcp,sv_P2053
23,tcp,sv_P2094
123,tcp,sv_P265
587,tcp,sv_P913
123,tcp,sv_P544
22,udp,sv_P2060
23,tcp,sv_P2380
8443,udp,sv_P1384
8080,tcp,sv_P1953
993,tcp,sv_P1169
80,tcp,sv_P1553
25,udp,sv_P2006
5432,tcp,sv_P1247
8080,udp,sv_P2367
28017,udp,sv_P398
194,tcp,sv_P1185
123,tcp,sv_P414
194,tcp,sv_P541
143,tcp,sv_P2077
21,tcp,sv_P1437
23,tcp,sv_P2166
80,udp,sv_P1859
162,tcp,sv_P2152
194,udp,sv_P1298
995,udp,sv_P1112
23,tcp,sv_P883
53,udp,sv_P2192
143,tcp,sv_P2333
6379,tcp,sv_P386
669,udp,sv_P908
27017,udp,sv_P1088
993,tcp,sv_P182
995,udp,sv_P111
8080,tcp,sv_P639
3306,udp,sv_P483
194,udp,sv_P12
669,tcp,sv_P1282
80,tcp,sv_P1724
194,tcp,sv_P610
123,tcp,sv_P2130
53,tcp,sv_P1069
110,udp,sv_P1041
3306,tcp,sv_P1455
194,udp,sv_P447
161,tcp,sv_P1560
27017,tcp,sv_P37
50000,tcp,sv_P2180
25,udp,sv_P1033
995,udp,sv_P1888
80,tcp,sv_P2455
443,udp,sv_P1716
53,udp,sv_P2380
443,udp,sv_P1248
28017,tcp,sv_P944
143,tcp,sv_P582
25,udp,sv_P1945
68,udp,sv_P1900
50000,udp,sv_P891
587,tcp,sv_P803
25,tcp,sv_P610
123,tcp,sv_P1330
465,udp,sv_P72
995,udp,sv_P694
27017,udp,sv_P1862
25,tcp,sv_P2456
53,tcp,sv_P380
50000,udp,sv_P234
5432,tcp,sv_P2430
22,tcp,sv_P2396
123,udp,sv_P1382
143,udp,sv_P293
465,udp,sv_P1378
123,tcp,sv_P1028
162,tcp,sv_P170
23,tcp,sv_P1023
28017,udp,sv_P2495
194,udp,sv_P2308
669,tcp,sv_P885
995,tcp,sv_P950
21,udp,sv_P1015
68,tcp,sv_P1019
162,tcp,sv_P1764
669,udp,sv_P95
194,tcp,sv_P1943
21,udp,sv_P305
995,udp,sv_P2459
3306,tcp,sv_P14
6379,tcp,sv_P2499
194,tcp,sv_P579
993,tcp,sv_P2254
110,tcp,sv_P2437
3306,udp,sv_P643
110,tcp,sv_P1468
21,tcp,sv_P590
669,tcp,sv_P560
194,tcp,sv_P1866
25,tcp,sv_P1128
50000,tcp,sv_P362
80,tcp,sv_P1483
25,tcp,sv_P14
22,udp,sv_P2259
50000,tcp,sv_P1072
123,udp,sv_P270
110,udp,sv_P148
8443,udp,sv_P1135
25,tcp,sv_P952
123,tcp,sv_P605
5432,udp,sv_P1667
162,udp,sv_P1741
123,udp,sv_P2181
22,udp,sv_P522
21,udp,sv_P1043
465,udp,sv_P2015
669,tcp,sv_P2473
161,tcp,sv_P1668
3306,udp,sv_P2341
993,tcp,sv_P1338
669,tcp,sv_P726
993,tcp,sv_P1726
80,udp,sv_P1641
8080,udp,sv_P1143
161,tcp,sv_P1970
443,tcp,sv_P574
110,tcp,sv_P1809
143,udp,sv_P733
3306,tcp,sv_P1266
587,udp,sv_P1953
8080,tcp,sv_P2313
22,tcp,sv_P382
50000,udp,sv_P124
669,udp,sv_P1637
194,tcp,sv_P1590
6379,udp,sv_P2318
80,tcp,sv_P1732
6379,udp,sv_P1674
8080,udp,sv_P1138
587,tcp,sv_P449
587,udp,sv_P2069
3306,tcp,sv_P1717
162,udp,sv_P295
28017,udp,sv_P1388
8080,tcp,sv_P1543
27017,tcp,sv_P720
23,udp,sv_P719
67,tcp,sv_P1193
162,tcp,sv_P2
123,tcp,sv_P2327
28017,udp,sv_P288
8443,udp,sv_P222
8443,udp,sv_P2430
162,udp,sv_P920
8080,udp,sv_P2400
443,tcp,sv_P162
161,tcp,sv_P1522
110,tcp,sv_P1110
25,tcp,sv_P1156
23,tcp,sv_P1538
194,tcp,sv_P233
669,udp,sv_P917
21,udp,sv_P101
123,tcp,sv_P1729
995,udp,sv_P2318
194,tcp,sv_P1116
80,tcp,sv_P187
68,tcp,sv_P526
162,udp,sv_P1851
143,tcp,sv_P1201
993,tcp,sv_P832
3306,tcp,sv_P1565
23,tcp,sv_P141
194,tcp,sv_P1556
21,tcp,sv_P851
21,tcp,sv_P2308
27017,udp,sv_P803
67,tcp,sv_P2030
143,udp,sv_P602
161,udp,sv_P542
3306,udp,sv_P1407
25,tcp,sv_P1288
995,udp,sv_P1268
22,tcp,sv_P1650
669,udp,sv_P938
465,udp,sv_P2370
143,udp,sv_P1000
443,tcp,sv_P2320
28017,udp,sv_P629
50000,udp,sv_P1217
28017,udp,sv_P1249
50000,udp,sv_P735
27017,udp,sv_P2203
465,udp,sv_P1187
68,udp,sv_P1776
28017,udp,sv_P319
27017,udp,sv_P290
993,tcp,sv_P1698
443,tcp,sv_P817
162,tcp,sv_P1491
6379,udp,sv_P731
25,udp,sv_P2343
161,udp,sv_P2398
27017,udp,sv_P989
22,udp,sv_P2437
995,tcp,sv_P560
3306,tcp,sv_P519
443,udp,sv_P1798
67,tcp,sv_P1330
123,tcp,sv_P1631
67,tcp,sv_P1692
110,udp,sv_P733
23,tcp,sv_P39
8443,udp,sv_P1274
53,udp,sv_P711
28017,udp,sv_P1997
143,tcp,sv_P25
194,tcp,sv_P2450
21,udp,sv_P754
194,udp,sv_P1708
80,tcp,sv_P1381
8080,udp,sv_P565
110,udp,sv_P1501
6379,udp,sv_P1360
28017,tcp,sv_P677
22,udp,sv_P1131
669,udp,sv_P523
993,tcp,sv_P2019
143,udp,sv_P1586
22,udp,sv_P2263
587,udp,sv_P2041
5432,udp,sv_P182
68,tcp,sv_P2153
587,udp,sv_P1620
162,udp,sv_P957
443,tcp,sv_P1347
53,tcp,sv_P793
3306,tcp,sv_P2156
21,tcp,sv_P1588
50000,tcp,sv_P363
23,udp,sv_P1020
50000,tcp,sv_P489
80,tcp,sv_P1642
443,udp,sv_P458
194,udp,sv_P2335
53,tcp,sv_P2342
587,tcp,sv_P1897
587,tcp,sv_P1978
993,tcp,sv_P1345
161,udp,sv_P1360
53,udp,sv_P2394
22,udp,sv_P477
161,udp,sv_P82
123,tcp,sv_P2010
22,tcp,sv_P1851
67,tcp,sv_P286
995,tcp,sv_P741
21,tcp,sv_P698
6379,tcp,sv_P1065
50000,tcp,sv_P1218
993,udp,sv_P1471
6379,tcp,sv_P1563
22,tcp,sv_P1914
669,tcp,sv_P2153
194,udp,sv_P1036
68,udp,sv_P265
587,tcp,sv_P1888
22,udp,sv_P2047
8080,udp,sv_P398
8080,udp,sv_P897
67,udp,sv_P451
8443,udp,sv_P1049
80,tcp,sv_P1964
8080,udp,sv_P2420
22,udp,sv_P2038
443,tcp,sv_P1343
27017,tcp,sv_P1498
53,udp,sv_P328
110,udp,sv_P2475
161,tcp,sv_P1190
143,tcp,sv_P872
143,tcp,sv_P2028
25,udp,sv_P2366
194,tcp,sv_P2028
22,tcp,sv_P218
162,udp,sv_P1078
465,udp,sv_P2455
21,tcp,sv_P740
27017,tcp,sv_P1630
27017,tcp,sv_P369
587,udp,sv_P185
8080,tcp,sv_P2374
68,udp,sv_P1748
28017,udp,sv_P1907
123,tcp,sv_P95
23,udp,sv_P920
6379,udp,sv_P373
8080,udp,sv_P1059
995,tcp,sv_P1494
23,udp,sv_P831
80,tcp,sv_P15
8443,udp,sv_P722
162,udp,sv_P473
21,udp,sv_P505
67,tcp,sv_P1312
194,udp,sv_P1866
194,tcp,sv_P72
67,udp,sv_P688
80,tcp,sv_P1736
50000,tcp,sv_P1132
25,tcp,sv_P550
162,tcp,sv_P1320
993,tcp,sv_P1501
5432,tcp,sv_P1579
995,tcp,sv_P70
22,udp,sv_P1184
50000,tcp,sv_P362
5432,tcp,sv_P1102
8080,tcp,sv_P1590
194,tcp,sv_P2172
123,tcp,sv_P104
80,udp,sv_P317
68,udp,sv_P1524
143,udp,sv_P1671
194,tcp,sv_P1262
669,tcp,sv_P1831
5432,tcp,sv_P1001
8080,udp,sv_P1079
67,udp,sv_P1245
21,tcp,sv_P2238
25,udp,sv_P1430
6379,udp,sv_P303
194,udp,sv_P1392
443,udp,sv_P1967
587,tcp,sv_P1348
995,tcp,sv_P2166
3306,udp,sv_P1833
143,tcp,sv_P1377
27017,tcp,sv_P191
22,udp,sv_P1259
67,tcp,sv_P384
23,tcp,sv_P2358
21,udp,sv_P435
68,tcp,sv_P831
162,tcp,sv_P2359
161,tcp,sv_P1252
50000,udp,sv_P743
3306,tcp,sv_P992
669,tcp,sv_P1700
21,udp,sv_P624
28017,udp,sv_P1143
3306,tcp,sv_P2483
8443,udp,sv_P1654
23,tcp,sv_P1122
21,udp,sv_P1196
8443,udp,sv_P404
27017,udp,sv_P1165
28017,tcp,sv_P503
21,tcp,sv_P125
465,udp,sv_P719
587,udp,sv_P802
23,udp,sv_P1000
123,udp,sv_P1548
6379,tcp,sv_P511
162,tcp,sv_P2473
587,tcp,sv_P795
27017,udp,sv_P63
162,tcp,sv_P1541
143,udp,sv_P686
161,udp,sv_P851
25,udp,sv_P492
669,tcp,sv_P188
6379,udp,sv_P116
995,udp,sv_P1157
995,tcp,sv_P1457
110,tcp,sv_P1725
162,tcp,sv_P177
67,tcp,sv_P259
669,udp,sv_P829
68,udp,sv_P1405
23,tcp,sv_P413
443,udp,sv_P1339
162,tcp,sv_P369
110,tcp,sv_P641
50000,udp,sv_P2485
465,tcp,sv_P376
67,tcp,sv_P426
8443,udp,sv_P1501
50000,tcp,sv_P172
23,tcp,sv_P1693
669,udp,sv_P177
123,udp,sv_P2162
110,tcp,sv_P2483
3306,udp,sv_P1806
22,tcp,sv_P2373
162,tcp,sv_P1241
3306,udp,sv_P156
53,udp,sv_P1988
110,tcp,sv_P963
28017,tcp,sv_P2348
67,tcp,sv_P1731
123,tcp,sv_P2148
162,tcp,sv_P2141
669,udp,sv_P1539
162,tcp,sv_P1428
465,udp,sv_P2500
465,tcp,sv_P77
587,udp,sv_P2174
27017,udp,sv_P2092
443,udp,sv_P458
995,udp,sv_P649
194,tcp,sv_P1455
53,tcp,sv_P1778
5432,tcp,sv_P1082
27017,tcp,sv_P1337
162,tcp,sv_P2268
6379,udp,sv_P1973
50000,tcp,sv_P854
669,udp,sv_P1681
3306,tcp,sv_P776
27017,udp,sv_P2383
8443,udp,sv_P1072
67,tcp,sv_P1708
587,tcp,sv_P1209
123,tcp,sv_P2366
993,udp,sv_P268
27017,tcp,sv_P480
53,tcp,sv_P127
465,tcp,sv_P2260
194,udp,sv_P997
443,tcp,sv_P535
123,udp,sv_P1725
23,udp,sv_P1122
80,tcp,sv_P2304
6379,tcp,sv_P2257
143,udp,sv_P1828
6379,udp,sv_P2449
80,udp,sv_P694
143,tcp,sv_P1855
587,udp,sv_P667
53,tcp,sv_P346
161,udp,sv_P1541
5432,udp,sv_P186
8443,tcp,sv_P1128
993,udp,sv_P1606
22,tcp,sv_P2123
6379,tcp,sv_P975
6379,udp,sv_P391
22,udp,sv_P1748
143,udp,sv_P1436
6379,tcp,sv_P990
23,tcp,sv_P1105
587,tcp,sv_P1865
465,udp,sv_P1625
162,udp,sv_P839
993,udp,sv_P2065
123,tcp,sv_P1191
443,tcp,sv_P1708
995,tcp,sv_P1741
80,udp,sv_P2272
8080,udp,sv_P2240
68,udp,sv_P1295
6379,udp,sv_P2054
995,tcp,sv_P966
669,udp,sv_P180
995,tcp,sv_P577
3306,udp,sv_P1150
22,udp,sv_P175
5432,tcp,sv_P134
27017,udp,sv_P2185
587,udp,sv_P1738
22,udp,sv_P1255
995,tcp,sv_P978
587,tcp,sv_P682
443,udp,sv_P1076
27017,tcp,sv_P873
161,udp,sv_P1155
110,tcp,sv_P1220
161,udp,sv_P2191
465,udp,sv_P2368
80,udp,sv_P2090
8443,udp,sv_P191
5432,tcp,sv_P1822
8080,udp,sv_P883
3306,tcp,sv_P1082
3306,tcp,sv_P2093
80,tcp,sv_P2262
6379,udp,sv_P1041
27017,udp,sv_P1920
50000,udp,sv_P619
8080,tcp,sv_P1321
669,tcp,sv_P1569
67,tcp,sv_P91
8443,udp,sv_P4
587,tcp,sv_P1904
67,tcp,sv_P1888
3306,udp,sv_P808
162,tcp,sv_P734
123,tcp,sv_P1167
110,udp,sv_P2460
67,tcp,sv_P361
80,udp,sv_P815
53,udp,sv_P2428
8443,tcp,sv_P2477
162,udp,sv_P1678
67,tcp,sv_P574
161,udp,sv_P1294
465,tcp,sv_P2472
465,tcp,sv_P1241
50000,tcp,sv_P1249
110,tcp,sv_P1453
194,tcp,sv_P2248
194,udp,sv_P502
443,udp,sv_P563
68,tcp,sv_P969
5432,tcp,sv_P503
995,tcp,sv_P1748
23,udp,sv_P1199
8080,udp,sv_P2450
5432,udp,sv_P1931
161,tcp,sv_P729
6379,tcp,sv_P783
995,udp,sv_P58
50000,udp,sv_P1146
21,udp,sv_P1828
53,udp,sv_P62
8443,udp,sv_P2329
5432,udp,sv_P472
443,tcp,sv_P1196
8080,udp,sv_P298
21,tcp,sv_P1973
443,tcp,sv_P273
123,udp,sv_P2112
21,udp,sv_P2256
123,tcp,sv_P1526
25,udp,sv_P2081
443,tcp,sv_P2497
53,tcp,sv_P693
23,udp,sv_P2110
80,tcp,sv_P280
143,tcp,sv_P777
3306,udp,sv_P1153
5432,tcp,sv_P1483
8443,udp,sv_P2102
8443,tcp,sv_P492
669,tcp,sv_P814
194,tcp,sv_P1193
6379,udp,sv_P1087
143,tcp,sv_P2206
21,tcp,sv_P2381
5432,tcp,sv_P603
23,udp,sv_P112
443,udp,sv_P1815
23,udp,sv_P1563
25,udp,sv_P1377
123,udp,sv_P668
143,udp,sv_P357
67,udp,sv_P1352
21,udp,sv_P561
8443,udp,sv_P1891
194,udp,sv_P638
50000,udp,sv_P1662
22,udp,sv_P1434
53,udp,sv_P1987
110,tcp,sv_P25
443,udp,sv_P1198
5432,tcp,sv_P2038
22,tcp,sv_P326
68,tcp,sv_P43
80,tcp,sv_P420
194,udp,sv_P456
443,tcp,sv_P397
53,udp,sv_P886
6379,tcp,sv_P1067
8080,tcp,sv_P1110
50000,tcp,sv_P1116
162,tcp,sv_P1420
443,tcp,sv_P1632
8443,tcp,sv_P1224
27017,tcp,sv_P1003
443,tcp,sv_P1305
194,tcp,sv_P2107
587,tcp,sv_P230
161,tcp,sv_P1226
669,tcp,sv_P11
123,udp,sv_P1765
3306,tcp,sv_P981
194,udp,sv_P218
123,udp,sv_P421
23,udp,sv_P753
995,udp,sv_P1712
6379,tcp,sv_P2333
8443,udp,sv_P2026
6379,udp,sv_P1487
993,udp,sv_P1869
995,tcp,sv_P1922
995,tcp,sv_P531
8080,tcp,sv_P2203
669,tcp,sv_P1544
443,tcp,sv_P891
587,tcp,sv_P1917
161,tcp,sv_P997
161,tcp,sv_P1216
6379,udp,sv_P1270
67,udp,sv_P104
5432,udp,sv_P1937
161,udp,sv_P313
5432,tcp,sv_P178
6379,tcp,sv_P1644
143,tcp,sv_P1329
3306,udp,sv_P1567
80,udp,sv_P682
67,udp,sv_P21
23,udp,sv_P886
5432,tcp,sv_P2160
22,udp,sv_P273
21,udp,sv_P1363
67,tcp,sv_P895
80,tcp,sv_P1984
443,tcp,sv_P2279
995,tcp,sv_P1985
8080,udp,sv_P1530
162,udp,sv_P524
143,udp,sv_P411
25,tcp,sv_P143
143,udp,sv_P79
28017,tcp,sv_P1883
110,tcp,sv_P1023
194,udp,sv_P2306
68,tcp,sv_P2009
194,udp,sv_P1242
8080,udp,sv_P7
123,tcp,sv_P2498
465,udp,sv_P2063
67,tcp,sv_P967
162,tcp,sv_P435
8080,tcp,sv_P996
3306,tcp,sv_P2191
6379,udp,sv_P863
21,udp,sv_P2439
28017,udp,sv_P1322
80,udp,sv_P152
995,tcp,sv_P1217
80,tcp,sv_P765
3306,tcp,sv_P1873
6379,tcp,sv_P702
3306,tcp,sv_P593
23,udp,sv_P1178
443,tcp,sv_P2231
194,udp,sv_P2242
5432,udp,sv_P1004
669,tcp,sv_P106
8080,udp,sv_P55
110,udp,sv_P501
6379,udp,sv_P911
23,tcp,sv_P615
25,udp,sv_P1692
993,udp,sv_P1669
6379,tcp,sv_P1138
995,udp,sv_P1805
23,udp,sv_P976
143,tcp,sv_P1829
162,udp,sv_P699
68,tcp,sv_P555
27017,tcp,sv_P925
8443,udp,sv_P556
6379,udp,sv_P2426
8443,tcp,sv_P1116
67,udp,sv_P2309
194,udp,sv_P1380
587,udp,sv_P358
8080,udp,sv_P117
443,udp,sv_P2151
465,tcp,sv_P733
28017,tcp,sv_P1880
123,udp,sv_P1423
80,udp,sv_P1146
465,tcp,sv_P1886
443,udp,sv_P1502
465,tcp,sv_P1746
143,tcp,sv_P2387
995,udp,sv_P2193
443,udp,sv_P494
123,udp,sv_P2197
80,tcp,sv_P2
25,tcp,sv_P1089
25,udp,sv_P861
110,tcp,sv_P2086
25,tcp,sv_P2191
27017,udp,sv_P484
669,udp,sv_P1337
443,tcp,sv_P333
669,tcp,sv_P85
587,tcp,sv_P2361
110,tcp,sv_P785
3306,tcp,sv_P1182
995,tcp,sv_P851
3306,tcp,sv_P1278
5432,tcp,sv_P1683
27017,tcp,sv_P1430
993,tcp,sv_P1480
161,udp,sv_P2104
21,tcp,sv_P1892
68,udp,sv_P617
22,tcp,sv_P2171
587,udp,sv_P947
22,tcp,sv_P1369
6379,udp,sv_P502
5432,udp,sv_P1177
23,udp,sv_P2181
162,tcp,sv_P2196
161,tcp,sv_P2156
143,udp,sv_P1075
67,tcp,sv_P1953
5432,udp,sv_P107
669,tcp,sv_P743
27017,udp,sv_P796
28017,udp,sv_P554
80,tcp,sv_P1967
587,tcp,sv_P1971
80,tcp,sv_P1810
8443,udp,sv_P2260
68,udp,sv_P1450
443,tcp,sv_P1719
50000,udp,sv_P1322
123,tcp,sv_P562
161,udp,sv_P1979
143,tcp,sv_P661
993,tcp,sv_P1837
23,tcp,sv_P667
68,udp,sv_P836
993,udp,sv_P461
161,tcp,sv_P1829
123,tcp,sv_P1440
68,udp,sv_P976
50000,udp,sv_P383
28017,tcp,sv_P1838
995,tcp,sv_P22
6379,udp,sv_P291
23,tcp,sv_P1870
443,tcp,sv_P2498
123,udp,sv_P2223
5432,tcp,sv_P366
8080,udp,sv_P1618
465,udp,sv_P1358
23,udp,sv_P134
67,udp,sv_P914
194,udp,sv_P1900
143,tcp,sv_P1090
23,udp,sv_P344
53,udp,sv_P1508
3306,udp,sv_P2079
50000,tcp,sv_P2137
8080,udp,sv_P338
143,tcp,sv_P122
8443,tcp,sv_P928
587,tcp,sv_P1073
8080,tcp,sv_P2006
194,tcp,sv_P597
161,udp,sv_P1397
8080,udp,sv_P1184
123,tcp,sv_P800
68,tcp,sv_P1899
587,udp,sv_P2379
443,tcp,sv_P1315
68,tcp,sv_P1086
27017,tcp,sv_P2475
25,udp,sv_P2265
80,udp,sv_P1124
5432,udp,sv_P2020
161,tcp,sv_P379
3306,udp,sv_P263
23,tcp,sv_P1955
8080,udp,sv_P884
123,udp,sv_P1553
587,udp,sv_P1546
22,udp,sv_P608
28017,udp,sv_P2324
993,udp,sv_P91
67,udp,sv_P823
50000,udp,sv_P531
587,udp,sv_P2208
669,udp,sv_P504
22,udp,sv_P926
50000,udp,sv_P993
194,tcp,sv_P2414
110,udp,sv_P578
27017,udp,sv_P1958
5432,udp,sv_P2134
8080,tcp,sv_P424
23,udp,sv_P579
67,tcp,sv_P1881
27017,tcp,sv_P2405
53,udp,sv_P2352
161,tcp,sv_P344
143,tcp,sv_P1559
995,tcp,sv_P608
23,tcp,sv_P963
53,udp,sv_P1333
80,tcp,sv_P899
123,udp,sv_P1287
80,tcp,sv_P1981
587,tcp,sv_P309
3306,tcp,sv_P811
80,udp,sv_P590
993,udp,sv_P1389
5432,udp,sv_P612
23,udp,sv_P2201
669,udp,sv_P1640
8443,udp,sv_P2186
162,udp,sv_P772
162,tcp,sv_P1027
25,tcp,sv_P1782
3306,udp,sv_P136
110,tcp,sv_P1763
21,tcp,sv_P2406
465,tcp,sv_P2011
22,tcp,sv_P1147
162,tcp,sv_P546
993,tcp,sv_P642
27017,udp,sv_P235
123,tcp,sv_P1428
25,tcp,sv_P282
5432,udp,sv_P861
162,tcp,sv_P1760
8080,tcp,sv_P721
3306,tcp,sv_P1875
194,tcp,sv_P1229
995,udp,sv_P661
21,udp,sv_P536
8443,tcp,sv_P884
8080,tcp,sv_P2135
8080,udp,sv_P2451
995,udp,sv_P2415
161,tcp,sv_P2287
995,tcp,sv_P152
443,udp,sv_P950
25,udp,sv_P1537
3306,udp,sv_P1377
443,udp,sv_P1410
162,tcp,sv_P1796
22,tcp,sv_P2320
194,tcp,sv_P1372
3306,tcp,sv_P2018
23,tcp,sv_P1486
67,udp,sv_P1104
993,tcp,sv_P514
23,tcp,sv_P558
443,tcp,sv_P1181
53,tcp,sv_P2421
143,udp,sv_P2164
143,tcp,sv_P2236
53,udp,sv_P537
25,udp,sv_P2495
161,udp,sv_P2104
3306,udp,sv_P465
443,udp,sv_P1852
50000,udp,sv_P107
161,udp,sv_P892
6379,udp,sv_P86
53,tcp,sv_P830
3306,udp,sv_P488
443,tcp,sv_P336
6379,tcp,sv_P78
5432,udp,sv_P2124
143,udp,sv_P1286
123,udp,sv_P2080
123,udp,sv_P461
110,tcp,sv_P939
53,tcp,sv_P1137
995,tcp,sv_P2167
162,tcp,sv_P2228
6379,udp,sv_P1934
443,udp,sv_P2427
27017,udp,sv_P205
68,udp,sv_P1060
8443,tcp,sv_P767
993,udp,sv_P2231
53,udp,sv_P2030
8080,udp,sv_P1764
21,udp,sv_P1469
27017,tcp,sv_P2392
50000,tcp,sv_P1812
23,udp,sv_P2143
465,tcp,sv_P330
993,tcp,sv_P2429
161,udp,sv_P1672
587,tcp,sv_P37
993,udp,sv_P1799
669,tcp,sv_P2293
110,udp,sv_P564
995,udp,sv_P2263
669,udp,sv_P1650
25,tcp,sv_P1177
993,udp,sv_P1089
669,tcp,sv_P1263
993,tcp,sv_P1537
6379,udp,sv_P2219
22,udp,sv_P1588
162,udp,sv_P1275
27017,udp,sv_P2243
162,udp,sv_P1087
669,udp,sv_P674
3306,tcp,sv_P2181
25,tcp,sv_P467
110,udp,sv_P2041
587,udp,sv_P1042
80,tcp,sv_P2323
8080,udp,sv_P568
993,udp,sv_P439
80,tcp,sv_P534
123,tcp,sv_P122
143,tcp,sv_P2056
28017,tcp,sv_P1324
5432,tcp,sv_P2367
80,udp,sv_P574
162,tcp,sv_P778
162,udp,sv_P750
50000,tcp,sv_P182
67,udp,sv_P1151
162,udp,sv_P1542
3306,tcp,sv_P2481
28017,tcp,sv_P2227
80,tcp,sv_P1671
22,tcp,sv_P1685
28017,tcp,sv_P1689
25,udp,sv_P1436
443,tcp,sv_P2300
6379,tcp,sv_P101
162,udp,sv_P1531
28017,tcp,sv_P2060
669,udp,sv_P67
110,udp,sv_P218
8080,udp,sv_P673
27017,udp,sv_P841
27017,tcp,sv_P1396
28017,tcp,sv_P1618
110,tcp,sv_P1489
67,tcp,sv_P35
67,udp,sv_P1331
5432,udp,sv_P1990
162,tcp,sv_P1574
25,udp,sv_P2253
27017,tcp,sv_P2456
25,tcp,sv_P1571
123,udp,sv_P2477
443,udp,sv_P104
27017,tcp,sv_P1811
161,tcp,sv_P653
80,tcp,sv_P365
50000,tcp,sv_P9
110,tcp,sv_P1249
110,udp,sv_P2255
80,tcp,sv_P206
8443,tcp,sv_P405
110,udp,sv_P1100
993,tcp,sv_P1237
143,tcp,sv_P2166
669,udp,sv_P1391
143,tcp,sv_P1839
50000,tcp,sv_P2057
3306,tcp,sv_P2012
53,tcp,sv_P1220
28017,udp,sv_P693
5432,tcp,sv_P1917
194,tcp,sv_P1959
465,udp,sv_P363
194,tcp,sv_P1078
6379,udp,sv_P1152
465,tcp,sv_P1439
22,tcp,sv_P2461
8443,tcp,sv_P1039
53,udp,sv_P2264
8443,udp,sv_P2412
21,udp,sv_P1157
993,tcp,sv_P520
21,tcp,sv_P2446
5432,udp,sv_P384
23,udp,sv_P793
669,udp,sv_P1028
67,tcp,sv_P110
465,udp,sv_P710
587,tcp,sv_P1695
995,tcp,sv_P143
67,udp,sv_P401
50000,udp,sv_P1848
194,tcp,sv_P1552
50000,udp,sv_P1639
67,udp,sv_P2118
23,udp,sv_P655
443,tcp,sv_P75
27017,tcp,sv_P1120
5432,tcp,sv_P2039
995,udp,sv_P2001
995,udp,sv_P2415
123,tcp,sv_P1969
162,udp,sv_P1626
443,tcp,sv_P1809
161,tcp,sv_P1310
22,udp,sv_P2164
110,tcp,sv_P1283
80,tcp,sv_P2029
25,tcp,sv_P226
27017,udp,sv_P2458
993,udp,sv_P1100
669,tcp,sv_P1590
669,tcp,sv_P2388
53,tcp,sv_P1349
53,udp,sv_P1028
3306,udp,sv_P1668
465,udp,sv_P391
8443,tcp,sv_P2472
993,udp,sv_P1381
669,udp,sv_P1744
161,tcp,sv_P1742
53,tcp,sv_P662
143,tcp,sv_P398
67,tcp,sv_P287
21,tcp,sv_P313
194,tcp,sv_P1202
22,udp,sv_P1195
53,tcp,sv_P167
27017,tcp,sv_P105
194,tcp,sv_P2123
995,tcp,sv_P1494
3306,udp,sv_P8
465,tcp,sv_P431
53,udp,sv_P98
8443,udp,sv_P683
80,tcp,sv_P2377
8443,udp,sv_P446
23,tcp,sv_P321
143,udp,sv_P1914
67,udp,sv_P1207
465,tcp,sv_P1713
5432,tcp,sv_P2211
443,udp,sv_P1111
68,tcp,sv_P126
21,tcp,sv_P2006
6379,udp,sv_P971
194,tcp,sv_P1678
8080,tcp,sv_P1700
68,udp,sv_P650
161,udp,sv_P1026
143,tcp,sv_P813
22,udp,sv_P1334
27017,udp,sv_P112
68,udp,sv_P362
50000,udp,sv_P1603
161,tcp,sv_P627
50000,tcp,sv_P229
465,tcp,sv_P247
123,tcp,sv_P2017
162,tcp,sv_P2292
80,udp,sv_P2070
68,udp,sv_P2093
68,udp,sv_P180
53,tcp,sv_P2246
8443,tcp,sv_P1553
21,tcp,sv_P1219
53,tcp,sv_P590
194,tcp,sv_P1357
27017,tcp,sv_P1511
110,tcp,sv_P764
6379,udp,sv_P2468
67,udp,sv_P337
27017,udp,sv_P205
80,udp,sv_P167
993,udp,sv_P702
28017,udp,sv_P1406
22,udp,sv_P1152
669,tcp,sv_P61
27017,tcp,sv_P168
50000,tcp,sv_P1543
67,udp,sv_P581
669,udp,sv_P1910
995,tcp,sv_P14
161,udp,sv_P55
5432,udp,sv_P1077
3306,tcp,sv_P2385
53,tcp,sv_P415
22,tcp,sv_P1113
80,udp,sv_P1616
80,udp,sv_P917
22,udp,sv_P189
6379,tcp,sv_P1018
995,tcp,sv_P1243
67,tcp,sv_P466
110,udp,sv_P2258
21,tcp,sv_P959
5432,tcp,sv_P885
3306,tcp,sv_P920
27017,udp,sv_P176
143,udp,sv_P1814
25,tcp,sv_P1915
28017,udp,sv_P1985
67,tcp,sv_P1028
5432,tcp,sv_P1336
22,udp,sv_P1798
53,udp,sv_P387
123,tcp,sv_P1395
995,tcp,sv_P864
587,tcp,sv_P2158
80,udp,sv_P616
143,tcp,sv_P1420
22,tcp,sv_P444
28017,tcp,sv_P284
80,udp,sv_P1691
3306,udp,sv_P1070
587,udp,sv_P505
465,udp,sv_P521
53,tcp,sv_P2236
67,udp,sv_P401
6379,udp,sv_P677
110,udp,sv_P289
6379,tcp,sv_P2026
161,tcp,sv_P959
23,udp,sv_P2095
67,udp,sv_P458
25,udp,sv_P2347
162,udp,sv_P1413
27017,tcp,sv_P2190
143,tcp,sv_P2191
669,udp,sv_P141
443,tcp,sv_P1214
28017,tcp,sv_P143
123,tcp,sv_P1806
465,tcp,sv_P484
53,udp,sv_P2488
68,tcp,sv_P1401
27017,tcp,sv_P304
25,tcp,sv_P1199
22,udp,sv_P490
80,udp,sv_P187
8080,tcp,sv_P482
465,tcp,sv_P1770
123,udp,sv_P383
53,udp,sv_P122
53,udp,sv_P2076
669,udp,sv_P2032
22,udp,sv_P245
8443,udp,sv_P1189
8443,tcp,sv_P473
21,tcp,sv_P2146
123,udp,sv_P1735
21,tcp,sv_P2403
25,tcp,sv_P971
6379,udp,sv_P171
194,udp,sv_P1359
25,udp,sv_P65
587,tcp,sv_P584
23,tcp,sv_P740
68,udp,sv_P1621
80,udp,sv_P95
123,udp,sv_P429
25,udp,sv_P347
27017,tcp,sv_P2458
6379,tcp,sv_P1368
443,udp,sv_P450
22,tcp,sv_P1136
6379,tcp,sv_P117
68,tcp,sv_P2440
80,tcp,sv_P379
67,udp,sv_P1763
21,udp,sv_P1333
143,udp,sv_P1980
162,tcp,sv_P789
5432,tcp,sv_P921
27017,udp,sv_P276
194,udp,sv_P1311
143,tcp,sv_P1357
194,tcp,sv_P1936
110,udp,sv_P1217
993,tcp,sv_P2139
123,udp,sv_P2323
3306,tcp,sv_P2003
465,tcp,sv_P2148
28017,tcp,sv_P1
3306,tcp,sv_P1644
8443,udp,sv_P315
22,udp,sv_P1261
443,udp,sv_P772
28017,udp,sv_P959
161,tcp,sv_P2412
110,udp,sv_P868
443,tcp,sv_P269
28017,tcp,sv_P741
587,udp,sv_P1591
993,tcp,sv_P1364
28017,udp,sv_P290
587,tcp,sv_P922
21,udp,sv_P999
587,tcp,sv_P1975
80,tcp,sv_P1720
68,tcp,sv_P448
995,tcp,sv_P962
23,udp,sv_P1273
194,tcp,sv_P1625
27017,tcp,sv_P577
143,udp,sv_P993
68,udp,sv_P1346
465,udp,sv_P924
21,tcp,sv_P1552
3306,tcp,sv_P241
6379,udp,sv_P2032
6379,tcp,sv_P768
8443,udp,sv_P1200
6379,tcp,sv_P2228
587,tcp,sv_P1381
23,tcp,sv_P976
68,tcp,sv_P357
8443,tcp,sv_P1983
68,tcp,sv_P2013
465,tcp,sv_P1368
28017,tcp,sv_P338
443,tcp,sv_P558
8080,tcp,sv_P1125
8080,udp,sv_P1950
28017,udp,sv_P1292
5432,tcp,sv_P1064
194,tcp,sv_P252
161,tcp,sv_P2177
23,tcp,sv_P924
50000,udp,sv_P1436
8080,tcp,sv_P1710
6379,tcp,sv_P1518
123,tcp,sv_P915
8080,tcp,sv_P674
6379,udp,sv_P986
25,udp,sv_P325
67,udp,sv_P1126
8080,tcp,sv_P1882
25,udp,sv_P179
22,udp,sv_P791
162,tcp,sv_P2249
50000,udp,sv_P1315
443,tcp,sv_P1176
669,tcp,sv_P1125
669,udp,sv_P528
27017,udp,sv_P1732
669,tcp,sv_P287
80,tcp,sv_P1236
67,udp,sv_P99
669,tcp,sv_P846
3306,tcp,sv_P2242
993,tcp,sv_P2020
587,tcp,sv_P1666
443,tcp,sv_P1563
28017,udp,sv_P643
23,tcp,sv_P1331
28017,tcp,sv_P1681
162,udp,sv_P37
443,udp,sv_P117
443,udp,sv_P2128
80,tcp,sv_P2095
143,tcp,sv_P1275
443,udp,sv_P1085
669,tcp,sv_P932
68,tcp,sv_P2060
23,tcp,sv_P1962
53,tcp,sv_P1202
110,udp,sv_P1505
27017,udp,sv_P861
143,udp,sv_P48
68,tcp,sv_P2441
6379,udp,sv_P190
8080,udp,sv_P1859
123,udp,sv_P2015
162,tcp,sv_P2293
465,tcp,sv_P1173
6379,udp,sv_P1309
21,tcp,sv_P1338
161,udp,sv_P280
68,tcp,sv_P1315
21,tcp,sv_P73
443,tcp,sv_P2114
194,tcp,sv_P1078
194,tcp,sv_P1541
28017,udp,sv_P2247
50000,udp,sv_P873
669,tcp,sv_P2497
28017,tcp,sv_P1913
80,udp,sv_P170
465,udp,sv_P2021
162,tcp,sv_P331
8443,tcp,sv_P547
465,tcp,sv_P2412
67,udp,sv_P228
27017,udp,sv_P2144
6379,tcp,sv_P2196
68,tcp,sv_P1809
28017,tcp,sv_P1842
6379,tcp,sv_P1744
123,tcp,sv_P1567
3306,udp,sv_P1439
587,udp,sv_P2344
587,tcp,sv_P2243
995,udp,sv_P1685
8443,udp,sv_P225
161,tcp,sv_P421
23,tcp,sv_P834
8443,tcp,sv_P2356
993,udp,sv_P878
25,udp,sv_P2442
110,tcp,sv_P931
28017,udp,sv_P1205
443,udp,sv_P977
21,udp,sv_P2450
68,tcp,sv_P249
3306,udp,sv_P852
28017,tcp,sv_P450
443,tcp,sv_P248
6379,udp,sv_P1625
80,udp,sv_P1645
995,tcp,sv_P628
5432,tcp,sv_P1613
161,udp,sv_P1449
23,tcp,sv_P1030
50000,udp,sv_P1400
6379,udp,sv_P2217
27017,udp,sv_P2472
143,tcp,sv_P602
123,tcp,sv_P2472
68,tcp,sv_P402
6379,tcp,sv_P248
587,udp,sv_P1750
162,udp,sv_P2404
443,tcp,sv_P1086
110,tcp,sv_P1663
67,tcp,sv_P2214
5432,udp,sv_P1123
27017,udp,sv_P2161
80,tcp,sv_P121
162,tcp,sv_P2253
3306,udp,sv_P2089
25,udp,sv_P1747
3306,tcp,sv_P617
110,tcp,sv_P713
21,tcp,sv_P1302
23,tcp,sv_P442
194,udp,sv_P1521
21,udp,sv_P2194
123,tcp,sv_P1405
22,udp,sv_P483
53,udp,sv_P1649
669,tcp,sv_P1510
25,udp,sv_P1612
27017,tcp,sv_P1248
80,udp,sv_P307
3306,tcp,sv_P2471
21,udp,sv_P1181
27017,udp,sv_P1974
194,tcp,sv_P224
53,udp,sv_P1486
21,tcp,sv_P1614
443,tcp,sv_P1143
6379,tcp,sv_P853
8443,tcp,sv_P2349
50000,udp,sv_P371
587,udp,sv_P614
5432,tcp,sv_P1200
587,udp,sv_P176
123,udp,sv_P591
80,tcp,sv_P854
587,tcp,sv_P474
465,tcp,sv_P345
80,udp,sv_P1063
995,tcp,sv_P1342
161,udp,sv_P301
143,udp,sv_P880
67,udp,sv_P1013
993,udp,sv_P1792
995,udp,sv_P1732
21,udp,sv_P1279
22,udp,sv_P1567
27017,tcp,sv_P900
443,udp,sv_P2440
5432,tcp,sv_P1434
28017,udp,sv_P2043
28017,tcp,sv_P1456
22,udp,sv_P1135
669,tcp,sv_P914
6379,udp,sv_P2014
3306,udp,sv_P577
110,tcp,sv_P91
22,udp,sv_P1891
5432,udp,sv_P1572
50000,tcp,sv_P1356
53,udp,sv_P2222
28017,tcp,sv_P1688
67,tcp,sv_P761
5432,tcp,sv_P2027
995,udp,sv_P877
27017,udp,sv_P860
67,udp,sv_P2011
443,udp,sv_P1834
110,tcp,sv_P498
27017,tcp,sv_P641
993,udp,sv_P983
67,tcp,sv_P2309
110,udp,sv_P1468
194,tcp,sv_P51
143,tcp,sv_P1591
143,udp,sv_P1923
53,udp,sv_P1614
110,udp,sv_P1486
53,udp,sv_P597
993,udp,sv_P402
143,udp,sv_P954
5432,udp,sv_P1813
3306,tcp,sv_P1596
25,udp,sv_P2212
123,tcp,sv_P2075
23,udp,sv_P37
3306,tcp,sv_P2453
194,udp,sv_P2275
8080,tcp,sv_P1533
995,udp,sv_P1227
21,udp,sv_P1352
23,udp,sv_P1678
161,tcp,sv_P1297
68,udp,sv_P1488
995,tcp,sv_P218
3306,udp,sv_P1029
669,tcp,sv_P1146
28017,udp,sv_P1710
8080,tcp,sv_P2022
5432,udp,sv_P1145
993,tcp,sv_P2232
5432,tcp,sv_P79
28017,tcp,sv_P1387
5432,udp,sv_P1325
53,udp,sv_P1204
6379,udp,sv_P1547
3306,tcp,sv_P511
80,tcp,sv_P334
8443,udp,sv_P634
465,tcp,sv_P161
443,udp,sv_P1407
27017,tcp,sv_P1864
3306,tcp,sv_P45
25,udp,sv_P689
443,udp,sv_P1524
993,udp,sv_P510
669,tcp,sv_P1562
8443,tcp,sv_P333
21,tcp,sv_P1994
21,udp,sv_P2289
465,tcp,sv_P343
162,udp,sv_P456
50000,udp,sv_P309
110,udp,sv_P1019
194,udp,sv_P173
68,tcp,sv_P1344
23,udp,sv_P505
50000,udp,sv_P1578
27017,tcp,sv_P894
8080,tcp,sv_P1939
443,udp,sv_P520
465,tcp,sv_P1412
21,udp,sv_P2334
3306,tcp,sv_P1995
8443,tcp,sv_P728
22,udp,sv_P356
162,udp,sv_P1008
162,tcp,sv_P1069
161,udp,sv_P1571
123,udp,sv_P1363
27017,udp,sv_P1165
161,tcp,sv_P2116
25,udp,sv_P828
53,tcp,sv_P526
587,tcp,sv_P1339
27017,tcp,sv_P1933
68,udp,sv_P1442
194,udp,sv_P2065
6379,udp,sv_P2133
995,udp,sv_P1932
28017,tcp,sv_P1008
21,tcp,sv_P1815
143,tcp,sv_P1990
465,tcp,sv_P815
8443,udp,sv_P497
5432,udp,sv_P1794
22,tcp,sv_P255
123,udp,sv_P1083
50000,udp,sv_P1815
8443,udp,sv_P1653
110,udp,sv_P1299
27017,tcp,sv_P2373
143,tcp,sv_P954
143,tcp,sv_P397
669,tcp,sv_P337
587,tcp,sv_P665
5432,tcp,sv_P2230
465,tcp,sv_P2283
5432,udp,sv_P343
80,tcp,sv_P981
50000,udp,sv_P1956
8443,udp,sv_P1153
162,udp,sv_P719
68,udp,sv_P2144
162,udp,sv_P543
465,tcp,sv_P1795
22,udp,sv_P626
21,tcp,sv_P1695
50000,tcp,sv_P191
53,tcp,sv_P2037
8443,tcp,sv_P2386
8080,tcp,sv_P522
143,udp,sv_P872
67,udp,sv_P2495
80,udp,sv_P1080
443,tcp,sv_P2277
110,tcp,sv_P693
25,udp,sv_P2186
465,tcp,sv_P1330
68,tcp,sv_P376
22,udp,sv_P1740
194,udp,sv_P2461
123,tcp,sv_P1762
8080,udp,sv_P1927
28017,tcp,sv_P785
8443,udp,sv_P1658
443,tcp,sv_P213
465,tcp,sv_P2311
123,udp,sv_P1249
23,udp,sv_P471
25,udp,sv_P2184
669,tcp,sv_P704
465,tcp,sv_P1137
68,tcp,sv_P408
443,udp,sv_P615
80,tcp,sv_P1355
50000,tcp,sv_P644
28017,tcp,sv_P668
23,udp,sv_P2071
465,udp,sv_P1018
669,tcp,sv_P1669
67,tcp,sv_P732
80,udp,sv_P589
28017,udp,sv_P1564
25,tcp,sv_P1851
23,udp,sv_P490
27017,udp,sv_P1508
21,udp,sv_P1522
6379,udp,sv_P2258
25,udp,sv_P665
995,tcp,sv_P1790
3306,tcp,sv_P2139
587,udp,sv_P429
8080,udp,sv_P2171
123,udp,sv_P715
25,tcp,sv_P2125
23,udp,sv_P2398
995,udp,sv_P262
25,tcp,sv_P590
161,tcp,sv_P1711
8443,udp,sv_P1077
28017,udp,sv_P2303
995,udp,sv_P544
53,tcp,sv_P612
194,udp,sv_P2157
80,tcp,sv_P2332
67,udp,sv_P2499
587,udp,sv_P1961
143,tcp,sv_P2255
110,udp,sv_P645
587,udp,sv_P1823
68,udp,sv_P337
50000,udp,sv_P1233
995,udp,sv_P972
110,udp,sv_P965
110,tcp,sv_P2472
8443,tcp,sv_P2481
8443,tcp,sv_P2188
23,udp,sv_P513
993,tcp,sv_P2215
194,udp,sv_P1187
3306,udp,sv_P1890
443,tcp,sv_P1683
28017,udp,sv_P61
194,tcp,sv_P1993
123,udp,sv_P995
27017,udp,sv_P1617
25,udp,sv_P259
80,tcp,sv_P984
162,tcp,sv_P2029
8443,udp,sv_P2166
993,tcp,sv_P342
3306,tcp,sv_P1259
21,udp,sv_P580
194,tcp,sv_P1578
80,udp,sv_P1063
23,tcp,sv_P448
161,tcp,sv_P1621
8443,tcp,sv_P1158
587,udp,sv_P1820
143,udp,sv_P940
194,tcp,sv_P1547
5432,tcp,sv_P1177
6379,udp,sv_P790
465,tcp,sv_P964
27017,tcp,sv_P316
5432,udp,sv_P2079
123,udp,sv_P1530
6379,tcp,sv_P658
5432,udp,sv_P2419
8080,tcp,sv_P988
587,udp,sv_P1325
465,udp,sv_P638
995,tcp,sv_P693
68,udp,sv_P1430
22,udp,sv_P377
110,udp,sv_P1316
67,udp,sv_P456
123,udp,sv_P182
6379,udp,sv_P1843
5432,udp,sv_P2181
8443,tcp,sv_P267
587,udp,sv_P1738
67,udp,sv_P2105
6379,tcp,sv_P270
23,tcp,sv_P1181
161,tcp,sv_P1509
669,udp,sv_P838
993,udp,sv_P1486
587,udp,sv_P2444
80,udp,sv_P2150
25,udp,sv_P572
3306,tcp,sv_P2391
6379,tcp,sv_P2354
50000,udp,sv_P43
3306,tcp,sv_P241
993,udp,sv_P2072
50000,tcp,sv_P1726
162,udp,sv_P1383
993,tcp,sv_P2318
669,udp,sv_P350
162,tcp,sv_P1243
21,tcp,sv_P2266
8443,tcp,sv_P968
162,tcp,sv_P2293
80,tcp,sv_P395
68,tcp,sv_P56
161,udp,sv_P2371
110,tcp,sv_P1434
465,tcp,sv_P751
8080,tcp,sv_P932
443,udp,sv_P2476
161,tcp,sv_P1208
67,tcp,sv_P893
587,tcp,sv_P660
3306,tcp,sv_P2414
194,udp,sv_P1808
465,udp,sv_P604
8080,tcp,sv_P2314
465,tcp,sv_P323
123,tcp,sv_P1156
587,udp,sv_P940
194,tcp,sv_P195
22,tcp,sv_P52
8443,tcp,sv_P464
67,tcp,sv_P13
162,udp,sv_P1396
27017,tcp,sv_P1883
995,udp,sv_P2443
993,tcp,sv_P262
22,tcp,sv_P2313
28017,udp,sv_P1176
669,udp,sv_P543
8080,tcp,sv_P353
8443,tcp,sv_P2458
162,tcp,sv_P2279
67,udp,sv_P713
6379,tcp,sv_P133
587,udp,sv_P2080
3306,tcp,sv_P1967
53,udp,sv_P2279
50000,tcp,sv_P1198
587,udp,sv_P460
194,tcp,sv_P2242
6379,tcp,sv_P414
27017,tcp,sv_P1284
995,tcp,sv_P735
67,tcp,sv_P1623
21,tcp,sv_P1440
80,tcp,sv_P1121
465,udp,sv_P288
5432,udp,sv_P2137
8443,tcp,sv_P2142
27017,tcp,sv_P2391
25,tcp,sv_P361
50000,udp,sv_P412
162,udp,sv_P2097
8080,tcp,sv_P2102
8080,udp,sv_P1719
22,tcp,sv_P1809
23,udp,sv_P2252
993,tcp,sv_P518
162,tcp,sv_P101
5432,tcp,sv_P2492
80,udp,sv_P1463
110,udp,sv_P1684
50000,tcp,sv_P686
110,udp,sv_P281
68,udp,sv_P384
5432,tcp,sv_P766
8443,tcp,sv_P526
27017,tcp,sv_P596
669,udp,sv_P40
22,udp,sv_P232
161,tcp,sv_P871
110,tcp,sv_P1340
80,udp,sv_P2442
22,udp,sv_P961
5432,tcp,sv_P243
28017,tcp,sv_P1311
50000,tcp,sv_P679
161,tcp,sv_P1389
5432,tcp,sv_P140
25,udp,sv_P806
28017,tcp,sv_P1474
3306,tcp,sv_P1171
21,tcp,sv_P2199
28017,tcp,sv_P1987
8080,tcp,sv_P1877
68,udp,sv_P509
22,tcp,sv_P1993
993,tcp,sv_P1974
27017,tcp,sv_P2322
50000,udp,sv_P2348
27017,udp,sv_P1270
443,udp,sv_P1621
162,udp,sv_P1000
8443,tcp,sv_P1540
993,tcp,sv_P431
443,tcp,sv_P298
68,tcp,sv_P1989
143,udp,sv_P2123
3306,udp,sv_P2370
3306,udp,sv_P1321
465,tcp,sv_P1528
993,tcp,sv_P2142
993,udp,sv_P530
3306,udp,sv_P2360
6379,tcp,sv_P53
465,udp,sv_P1635
6379,tcp,sv_P194
6379,tcp,sv_P995
27017,udp,sv_P1073
23,udp,sv_P304
465,tcp,sv_P231
110,tcp,sv_P816
6379,tcp,sv_P1721
465,tcp,sv_P416
21,udp,sv_P1770
5432,tcp,sv_P487
443,udp,sv_P1341
143,udp,sv_P601
123,tcp,sv_P2019
50000,udp,sv_P1486
5432,udp,sv_P1393
465,udp,sv_P1138
80,udp,sv_P1154
161,tcp,sv_P2065
23,udp,sv_P1297
443,udp,sv_P1947
3306,tcp,sv_P131
110,tcp,sv_P1191
50000,udp,sv_P2218
23,udp,sv_P1059
110,tcp,sv_P1210
194,tcp,sv_P212
80,udp,sv_P2415
67,udp,sv_P1599
67,udp,sv_P1666
194,udp,sv_P1301
23,tcp,sv_P1703
6379,tcp,sv_P173
25,udp,sv_P277
587,tcp,sv_P1703
161,udp,sv_P25
110,udp,sv_P390
123,udp,sv_P1727
443,udp,sv_P533
8443,udp,sv_P1210
67,tcp,sv_P2444
443,udp,sv_P2083
587,tcp,sv_P791
67,udp,sv_P40
465,tcp,sv_P3
50000,udp,sv_P1562
123,udp,sv_P756
162,tcp,sv_P662
194,udp,sv_P1069
22,udp,sv_P80
28017,tcp,sv_P621
8080,udp,sv_P157
6379,tcp,sv_P2419
28017,tcp,sv_P1099
80,udp,sv_P1767
995,tcp,sv_P813
162,udp,sv_P1036
53,tcp,sv_P1877
80,tcp,sv_P687
5432,tcp,sv_P892
3306,udp,sv_P2027
68,udp,sv_P1579
194,udp,sv_P1725
162,udp,sv_P2050
25,udp,sv_P2429
25,tcp,sv_P1646
110,tcp,sv_P2151
995,tcp,sv_P1286
21,udp,sv_P2391
25,tcp,sv_P139
6379,udp,sv_P607
67,udp,sv_P353
194,udp,sv_P1779
21,tcp,sv_P266
25,tcp,sv_P2114
68,tcp,sv_P967
162,tcp,sv_P2468
80,tcp,sv_P1799
27017,udp,sv_P1826
23,udp,sv_P959
6379,tcp,sv_P342
8080,udp,sv_P137
68,udp,sv_P929
5432,tcp,sv_P1986
53,udp,sv_P1868
67,udp,sv_P2254
25,udp,sv_P465
993,udp,sv_P1830
465,udp,sv_P1974
67,tcp,sv_P2017
465,udp,sv_P2484
123,tcp,sv_P139
53,tcp,sv_P738
28017,udp,sv_P1110
27017,tcp,sv_P2374
28017,udp,sv_P892
162,tcp,sv_P2479
587,udp,sv_P1191
123,tcp,sv_P2474
8443,udp,sv_P1775
443,udp,sv_P2378
67,udp,sv_P470
993,udp,sv_P226
80,tcp,sv_P822
25,udp,sv_P787
194,tcp,sv_P348
22,tcp,sv_P2265
143,tcp,sv_P1485
23,udp,sv_P2189
669,tcp,sv_P69
110,tcp,sv_P761
67,udp,sv_P1742
465,udp,sv_P462
993,udp,sv_P1909
27017,tcp,sv_P303
995,tcp,sv_P124
6379,tcp,sv_P570
587,udp,sv_P265
443,udp,sv_P2000
110,tcp,sv_P2317
68,tcp,sv_P306
194,udp,sv_P2366
67,udp,sv_P2071
50000,tcp,sv_P2011
53,tcp,sv_P90
23,udp,sv_P104
23,tcp,sv_P2407
3306,udp,sv_P2084
194,tcp,sv_P2208
3306,tcp,sv_P2096
587,tcp,sv_P1902
50000,udp,sv_P1100
5432,tcp,sv_P365
5432,tcp,sv_P2420
6379,udp,sv_P970
22,tcp,sv_P786
669,udp,sv_P1353
8080,udp,sv_P1922
68,udp,sv_P2009
27017,udp,sv_P2394
194,udp,sv_P2284
68,udp,sv_P1961
587,tcp,sv_P1087
27017,udp,sv_P992
8080,udp,sv_P1135
162,tcp,sv_P1548
995,tcp,sv_P842
587,tcp,sv_P1126
143,tcp,sv_P2072
67,tcp,sv_P899
68,udp,sv_P1494
50000,tcp,sv_P2369
21,udp,sv_P1379
3306,tcp,sv_P725
25,udp,sv_P1185
67,udp,sv_P900
23,tcp,sv_P1238
995,udp,sv_P2422
53,tcp,sv_P1133
110,udp,sv_P710
993,tcp,sv_P365
28017,udp,sv_P921
80,tcp,sv_P129
23,udp,sv_P347
3306,udp,sv_P1642
669,udp,sv_P1998
80,tcp,sv_P2306
8443,udp,sv_P2025
21,udp,sv_P1837
3306,tcp,sv_P1022
23,udp,sv_P797
993,udp,sv_P2029
8443,udp,sv_P1510
53,tcp,sv_P2086
21,udp,sv_P2029
123,udp,sv_P533
50000,tcp,sv_P1291
53,tcp,sv_P710
143,udp,sv_P2012
21,udp,sv_P1641
669,tcp,sv_P407
21,udp,sv_P704
143,tcp,sv_P2032
465,tcp,sv_P456
8080,udp,sv_P1565
3306,tcp,sv_P23
67,tcp,sv_P1185
995,tcp,sv_P389
80,udp,sv_P579
28017,udp,sv_P44
669,udp,sv_P1909
5432,udp,sv_P2089
3306,udp,sv_P2476
669,udp,sv_P736
993,tcp,sv_P917
27017,tcp,sv_P973
80,udp,sv_P478
993,tcp,sv_P244
27017,udp,sv_P1849
50000,tcp,sv_P1905
80,tcp,sv_P1879
80,tcp,sv_P824
21,udp,sv_P538
587,udp,sv_P804
25,udp,sv_P76
995,tcp,sv_P55
25,tcp,sv_P481
8080,tcp,sv_P1406
80,udp,sv_P1593
5432,tcp,sv_P991
443,udp,sv_P392
995,udp,sv_P256
80,tcp,sv_P1025
123,tcp,sv_P311
68,tcp,sv_P500
27017,udp,sv_P1698
68,tcp,sv_P1833
443,udp,sv_P766
143,tcp,sv_P1650
28017,tcp,sv_P1261
53,tcp,sv_P1260
80,udp,sv_P371
669,tcp,sv_P1033
465,tcp,sv_P628
161,tcp,sv_P962
27017,tcp,sv_P1817
80,udp,sv_P744
465,udp,sv_P1453
23,tcp,sv_P2182
5432,tcp,sv_P2283
110,tcp,sv_P399
8080,tcp,sv_P1007
123,tcp,sv_P916
587,udp,sv_P1514
143,udp,sv_P1201
587,udp,sv_P1012
995,udp,sv_P818
587,udp,sv_P507
3306,udp,sv_P237
123,tcp,sv_P1726
443,tcp,sv_P1699
8443,udp,sv_P841
443,tcp,sv_P2443
8080,udp,sv_P243
50000,tcp,sv_P1047
194,tcp,sv_P48
669,udp,sv_P351
8080,udp,sv_P1089
3306,udp,sv_P953
993,udp,sv_P1540
993,tcp,sv_P426
162,tcp,sv_P1446
25,udp,sv_P824
587,tcp,sv_P1894
194,udp,sv_P907
465,udp,sv_P2083
669,udp,sv_P1013
22,udp,sv_P2363
3306,tcp,sv_P2227
669,udp,sv_P82
162,udp,sv_P1833
53,udp,sv_P2291
443,udp,sv_P1662
143,tcp,sv_P1009
669,tcp,sv_P2163
6379,tcp,sv_P1752
28017,tcp,sv_P169
67,udp,sv_P1738
8080,tcp,sv_P544
123,udp,sv_P2400
995,udp,sv_P1190
80,udp,sv_P1477
465,udp,sv_P1030
161,tcp,sv_P1999
995,udp,sv_P749
27017,tcp,sv_P807
6379,udp,sv_P1006
587,tcp,sv_P1418
28017,tcp,sv_P2017
3306,udp,sv_P2077
68,udp,sv_P210
23,udp,sv_P2409
162,udp,sv_P2392
68,udp,sv_P2281
669,udp,sv_P319
8443,tcp,sv_P1502
23,udp,sv_P796
50000,udp,sv_P1353
67,udp,sv_P2408
21,tcp,sv_P152
23,udp,sv_P1120
587,udp,sv_P1590
993,tcp,sv_P1388
993,udp,sv_P1524
25,udp,sv_P2429
28017,udp,sv_P2422
27017,tcp,sv_P679
587,udp,sv_P457
6379,udp,sv_P1781
5432,tcp,sv_P620
22,udp,sv_P544
161,udp,sv_P434
162,udp,sv_P2211
123,tcp,sv_P517
465,tcp,sv_P2142
28017,udp,sv_P409
25,udp,sv_P2155
5432,udp,sv_P2334
8443,udp,sv_P66
27017,udp,sv_P598
443,tcp,sv_P1251
28017,udp,sv_P320
8080,tcp,sv_P1778
53,tcp,sv_P197
587,tcp,sv_P646
5432,tcp,sv_P127
50000,udp,sv_P913
25,udp,sv_P257
28017,tcp,sv_P1509
8080,tcp,sv_P325
28017,udp,sv_P1230
8443,udp,sv_P2303
53,udp,sv_P2404
110,udp,sv_P1766
8443,tcp,sv_P1116
110,udp,sv_P1452
67,udp,sv_P973
68,udp,sv_P1905
21,tcp,sv_P1029
194,tcp,sv_P1532
3306,tcp,sv_P1737
123,tcp,sv_P133
3306,tcp,sv_P2030
5432,tcp,sv_P1002
68,udp,sv_P2420
25,tcp,sv_P903
22,udp,sv_P1520
5432,tcp,sv_P110
161,udp,sv_P1555
587,udp,sv_P2286
8080,tcp,sv_P1068
8080,udp,sv_P2426
8443,udp,sv_P415
587,udp,sv_P2009
5432,udp,sv_P199
8443,udp,sv_P873
6379,udp,sv_P1232
25,udp,sv_P421
8443,tcp,sv_P829
3306,tcp,sv_P453
27017,udp,sv_P647
465,udp,sv_P94
50000,udp,sv_P1160
993,udp,sv_P82
123,udp,sv_P2202
3306,udp,sv_P1557
669,udp,sv_P871
3306,udp,sv_P1522
8080,tcp,sv_P215
993,udp,sv_P850
3306,tcp,sv_P1681
53,tcp,sv_P87
110,tcp,sv_P883
8443,udp,sv_P242
443,udp,sv_P1093
5432,udp,sv_P1193
25,udp,sv_P100
50000,tcp,sv_P2013
5432,tcp,sv_P1941
3306,tcp,sv_P1518
5432,udp,sv_P862
993,udp,sv_P298
8080,tcp,sv_P493
5432,tcp,sv_P1951
465,udp,sv_P1182
50000,tcp,sv_P845
194,tcp,sv_P1090
25,tcp,sv_P865
3306,udp,sv_P1672
80,udp,sv_P1842
162,tcp,sv_P1986
28017,udp,sv_P800
25,udp,sv_P1192
27017,tcp,sv_P2251
21,tcp,sv_P154
194,udp,sv_P146
50000,tcp,sv_P980
669,tcp,sv_P2355
465,tcp,sv_P954
5432,udp,sv_P1186
110,udp,sv_P823
8443,tcp,sv_P24
8443,tcp,sv_P2484
8443,udp,sv_P1313
6379,tcp,sv_P919
80,tcp,sv_P1383
27017,udp,sv_P192
587,udp,sv_P1133
27017,udp,sv_P1007
669,tcp,sv_P2391
8080,udp,sv_P1772
23,tcp,sv_P1656
21,tcp,sv_P1201
465,udp,sv_P59
194,udp,sv_P538
587,udp,sv_P132
22,udp,sv_P757
28017,tcp,sv_P1654
162,udp,sv_P276
161,udp,sv_P1644
194,tcp,sv_P1253
143,udp,sv_P427
110,udp,sv_P355
587,udp,sv_P2233
123,udp,sv_P398
80,udp,sv_P141
162,udp,sv_P2369
8080,udp,sv_P563
8080,tcp,sv_P812
993,udp,sv_P1691
23,udp,sv_P1596
587,tcp,sv_P2004
21,tcp,sv_P866
194,tcp,sv_P679
194,tcp,sv_P948
67,tcp,sv_P2006
28017,tcp,sv_P1324
443,udp,sv_P1033
143,tcp,sv_P1515
8080,udp,sv_P1168
68,tcp,sv_P1771
67,udp,sv_P758
143,udp,sv_P1520
67,tcp,sv_P424
8443,tcp,sv_P612
123,tcp,sv_P285
3306,tcp,sv_P1829
8443,udp,sv_P2346
669,udp,sv_P15
669,udp,sv_P411
143,tcp,sv_P366
995,tcp,sv_P174
23,tcp,sv_P181
50000,udp,sv_P1232
53,tcp,sv_P1645
443,tcp,sv_P612
21,tcp,sv_P1801
68,tcp,sv_P1602
53,tcp,sv_P1209
669,tcp,sv_P2032
5432,tcp,sv_P2141
22,tcp,sv_P1093
587,tcp,sv_P833
162,udp,sv_P2438
53,tcp,sv_P540
194,udp,sv_P1437
162,tcp,sv_P125
50000,tcp,sv_P671
143,tcp,sv_P2191
21,udp,sv_P2210
123,tcp,sv_P189
194,udp,sv_P30
53,udp,sv_P390
67,tcp,sv_P1904
143,udp,sv_P1001
123,tcp,sv_P1140
6379,tcp,sv_P319
53,udp,sv_P29
587,udp,sv_P943
995,tcp,sv_P1132
161,tcp,sv_P728
3306,tcp,sv_P603
123,tcp,sv_P1792
194,tcp,sv_P199
123,tcp,sv_P2317
22,tcp,sv_P719
443,udp,sv_P2353
53,udp,sv_P1660
587,udp,sv_P1740
194,udp,sv_P2088
27017,udp,sv_P750
3306,tcp,sv_P479
23,tcp,sv_P499
50000,tcp,sv_P2290
67,tcp,sv_P2369
50000,tcp,sv_P892
8080,udp,sv_P1302
3306,tcp,sv_P748
21,tcp,sv_P1765
5432,tcp,sv_P1270
23,tcp,sv_P370
25,tcp,sv_P659
465,tcp,sv_P64
465,udp,sv_P983
162,tcp,sv_P2223
995,udp,sv_P591
8443,udp,sv_P409
3306,tcp,sv_P847
3306,udp,sv_P207
68,udp,sv_P368
67,udp,sv_P772
995,udp,sv_P1009
161,tcp,sv_P1993
123,udp,sv_P2204
68,udp,sv_P1038
143,udp,sv_P905
50000,udp,sv_P1445
67,tcp,sv_P94
80,udp,sv_P504
162,udp,sv_P1562
3306,tcp,sv_P854
993,tcp,sv_P2393
443,udp,sv_P2112
3306,tcp,sv_P1139
5432,tcp,sv_P1239
993,udp,sv_P1844
53,udp,sv_P539
80,udp,sv_P1146
993,udp,sv_P1461
80,udp,sv_P2448
143,tcp,sv_P1637
993,tcp,sv_P655
161,udp,sv_P1444
8080,tcp,sv_P324
21,udp,sv_P736
25,udp,sv_P2134
25,udp,sv_P133
23,tcp,sv_P2402
443,udp,sv_P440
23,udp,sv_P1797
587,tcp,sv_P624
123,udp,sv_P890
587,udp,sv_P365
27017,udp,sv_P698
123,tcp,sv_P1334
23,udp,sv_P101
28017,udp,sv_P556
995,tcp,sv_P679
23,udp,sv_P1317
25,tcp,sv_P2225
194,tcp,sv_P541
162,udp,sv_P1037
23,tcp,sv_P501
6379,udp,sv_P2007
161,tcp,sv_P62
8080,udp,sv_P972
669,tcp,sv_P1550
443,tcp,sv_P103
53,tcp,sv_P1459
25,tcp,sv_P1178
993,udp,sv_P1721
161,tcp,sv_P329
995,tcp,sv_P216
22,tcp,sv_P1909
53,udp,sv_P1316
6379,udp,sv_P593
669,udp,sv_P115
80,tcp,sv_P548
68,tcp,sv_P2125
110,tcp,sv_P1474
161,udp,sv_P174
993,udp,sv_P2246
27017,udp,sv_P1023
194,tcp,sv_P999
23,tcp,sv_P1893
6379,udp,sv_P1965
68,udp,sv_P360
3306,tcp,sv_P1004
53,udp,sv_P143
67,tcp,sv_P1429
993,tcp,sv_P2039
27017,tcp,sv_P1322
22,udp,sv_P375
669,udp,sv_P482
8080,tcp,sv_P1712
8080,udp,sv_P2316
161,tcp,sv_P268
6379,udp,sv_P63
53,tcp,sv_P877
162,tcp,sv_P2393
194,tcp,sv_P447
995,tcp,sv_P1270
5432,tcp,sv_P1610
5432,udp,sv_P1650
21,tcp,sv_P2209
8443,udp,sv_P1093
25,udp,sv_P1707
161,tcp,sv_P933
23,udp,sv_P448
194,tcp,sv_P821
669,tcp,sv_P887
67,udp,sv_P2265
587,tcp,sv_P1320
995,tcp,sv_P605
993,tcp,sv_P604
465,udp,sv_P543
28017,tcp,sv_P938
123,udp,sv_P1796
21,udp,sv_P1635
6379,udp,sv_P2335
21,udp,sv_P1902
25,tcp,sv_P2064
50000,udp,sv_P1073
53,tcp,sv_P1583
162,tcp,sv_P847
21,tcp,sv_P1048
53,tcp,sv_P2025
443,udp,sv_P2044
995,tcp,sv_P528
110,tcp,sv_P2143
80,udp,sv_P268
587,udp,sv_P346
143,udp,sv_P2165
995,tcp,sv_P1666
21,udp,sv_P60
162,udp,sv_P809
67,tcp,sv_P375
587,udp,sv_P167
53,udp,sv_P1887
993,udp,sv_P1328
80,udp,sv_P2327
67,udp,sv_P1114
110,tcp,sv_P658
28017,tcp,sv_P1411
50000,udp,sv_P677
22,tcp,sv_P1537
80,udp,sv_P1893
669,udp,sv_P1351
143,udp,sv_P1200
143,udp,sv_P1702
23,udp,sv_P2251
28017,tcp,sv_P1847
3306,tcp,sv_P2312
28017,tcp,sv_P1776
22,udp,sv_P277
465,udp,sv_P2408
162,tcp,sv_P691
67,udp,sv_P167
3306,tcp,sv_P1960
993,tcp,sv_P199
23,udp,sv_P313
8080,udp,sv_P2221
110,tcp,sv_P2236
6379,tcp,sv_P1117
23,udp,sv_P1174
5432,udp,sv_P1721
3306,udp,sv_P284
21,tcp,sv_P1473
68,udp,sv_P1886
25,tcp,sv_P2441
669,udp,sv_P697
8080,tcp,sv_P538
123,udp,sv_P1356
27017,udp,sv_P1883
443,tcp,sv_P682
50000,udp,sv_P2461
21,udp,sv_P1895
27017,udp,sv_P2422
68,tcp,sv_P1662
53,udp,sv_P260
23,udp,sv_P1195
25,udp,sv_P1816
161,tcp,sv_P1134
22,tcp,sv_P2402
194,tcp,sv_P314
5432,tcp,sv_P1651
995,udp,sv_P1195
993,udp,sv_P562
27017,udp,sv_P657
23,udp,sv_P2258
669,udp,sv_P1761
28017,udp,sv_P1960
194,tcp,sv_P1271
68,udp,sv_P635
995,udp,sv_P1148
25,tcp,sv_P1565
110,tcp,sv_P854
25,tcp,sv_P104
6379,tcp,sv_P2254
8443,tcp,sv_P75
25,udp,sv_P1568
143,udp,sv_P2157
587,udp,sv_P261
110,udp,sv_P2170
465,udp,sv_P374
53,tcp,sv_P151
194,tcp,sv_P24
143,tcp,sv_P1714
68,udp,sv_P850
68,tcp,sv_P2147
995,tcp,sv_P1531
465,udp,sv_P1178
143,tcp,sv_P2408
162,tcp,sv_P160
143,tcp,sv_P1645
27017,tcp,sv_P342
161,udp,sv_P1135
67,tcp,sv_P255
161,tcp,sv_P1276
22,udp,sv_P759
25,udp,sv_P2251
21,tcp,sv_P879
465,tcp,sv_P1675
6379,udp,sv_P1917
5432,udp,sv_P78
162,tcp,sv_P572
669,tcp,sv_P24
465,tcp,sv_P2206
27017,tcp,sv_P709
5432,tcp,sv_P2433
27017,tcp,sv_P374
21,udp,sv_P1989
25,udp,sv_P1651
161,tcp,sv_P1038
161,udp,sv_P1
123,tcp,sv_P741
68,udp,sv_P1249
28017,tcp,sv_P1530
110,tcp,sv_P2056
5432,udp,sv_P375
110,tcp,sv_P387
143,udp,sv_P964
995,udp,sv_P1015
27017,tcp,sv_P1219
161,tcp,sv_P1970
8080,udp,sv_P2071
27017,udp,sv_P2131
587,udp,sv_P1411
23,udp,sv_P1822
443,tcp,sv_P573
8443,udp,sv_P1066
23,udp,sv_P456
53,tcp,sv_P1845
23,tcp,sv_P62
80,udp,sv_P866
6379,tcp,sv_P981
194,tcp,sv_P1817
194,udp,sv_P944
162,tcp,sv_P1122
8080,udp,sv_P2438
5432,udp,sv_P1468
50000,udp,sv_P2402
465,tcp,sv_P886
162,tcp,sv_P480
669,udp,sv_P476
194,tcp,sv_P930
27017,udp,sv_P2500
162,tcp,sv_P1803
22,tcp,sv_P397
28017,udp,sv_P535
6379,udp,sv_P1284
143,udp,sv_P1160
68,tcp,sv_P1469
3306,udp,sv_P1984
443,udp,sv_P2108
123,tcp,sv_P1518
995,udp,sv_P1907
123,tcp,sv_P1864
587,tcp,sv_P1297
53,udp,sv_P432
993,tcp,sv_P476
587,tcp,sv_P934
993,udp,sv_P2249
162,tcp,sv_P1871
123,udp,sv_P205
8443,tcp,sv_P2004
6379,udp,sv_P1040
50000,tcp,sv_P2333
25,tcp,sv_P1031
443,tcp,sv_P1918
194,tcp,sv_P303
143,udp,sv_P137
23,udp,sv_P170
993,tcp,sv_P2425
110,tcp,sv_P424
80,tcp,sv_P1986
50000,udp,sv_P997
25,udp,sv_P1127
3306,tcp,sv_P35
50000,udp,sv_P2204
465,tcp,sv_P738
162,tcp,sv_P2302
22,udp,sv_P2436
5432,udp,sv_P248
995,udp,sv_P2445
8443,udp,sv_P2254
67,udp,sv_P1803
143,udp,sv_P2218
161,tcp,sv_P2211
6379,udp,sv_P288
161,udp,sv_P406
194,tcp,sv_P186
21,tcp,sv_P1073
3306,tcp,sv_P329
161,tcp,sv_P2156
587,tcp,sv_P1215
669,tcp,sv_P2464
22,udp,sv_P2487
67,udp,sv_P1589
123,tcp,sv_P2067
161,udp,sv_P1370
143,udp,sv_P1570
80,tcp,sv_P771
27017,udp,sv_P2404
21,udp,sv_P20
443,tcp,sv_P10
6379,udp,sv_P1385
993,tcp,sv_P683
50000,tcp,sv_P6
110,tcp,sv_P1992
993,tcp,sv_P1792
6379,udp,sv_P2226
53,udp,sv_P1463
27017,udp,sv_P2380
465,udp,sv_P684
27017,tcp,sv_P1823
3306,udp,sv_P105
143,udp,sv_P748
22,udp,sv_P1613
465,udp,sv_P580
587,tcp,sv_P2275
23,udp,sv_P1832
25,tcp,sv_P1407
995,tcp,sv_P2471
28017,tcp,sv_P2207
53,udp,sv_P397
123,tcp,sv_P1509
5432,udp,sv_P680
162,tcp,sv_P196
67,udp,sv_P1854
67,udp,sv_P134
993,udp,sv_P719
161,udp,sv_P421
143,udp,sv_P955
161,tcp,sv_P1812
68,tcp,sv_P888
80,udp,sv_P711
27017,udp,sv_P2189
995,tcp,sv_P2023
25,udp,sv_P2320
3306,udp,sv_P1252
50000,tcp,sv_P1317
110,udp,sv_P1340
53,tcp,sv_P299
465,tcp,sv_P563
80,udp,sv_P1739
8080,tcp,sv_P1691
8443,udp,sv_P1170
162,tcp,sv_P2000
8080,tcp,sv_P2321
993,udp,sv_P480
68,udp,sv_P1493
8443,tcp,sv_P1491
194,udp,sv_P815
25,udp,sv_P1894
669,udp,sv_P2419
22,udp,sv_P1646
8443,udp,sv_P1642
27017,tcp,sv_P1787
162,udp,sv_P94
8080,tcp,sv_P44
68,udp,sv_P1985
68,udp,sv_P1192
23,tcp,sv_P1981
587,udp,sv_P973
22,udp,sv_P2222
25,tcp,sv_P2408
465,udp,sv_P658
143,tcp,sv_P2185
669,tcp,sv_P199
50000,udp,sv_P1267
5432,udp,sv_P961
6379,udp,sv_P158
194,tcp,sv_P162
8080,tcp,sv_P1200
5432,udp,sv_P1865
23,tcp,sv_P1574
587,udp,sv_P1314
8443,tcp,sv_P2122
669,udp,sv_P81
465,tcp,sv_P368
22,tcp,sv_P2449
50000,tcp,sv_P1494
669,tcp,sv_P2125
8443,udp,sv_P411
669,tcp,sv_P2278
587,udp,sv_P1580
50000,udp,sv_P927
162,udp,sv_P1463
8443,tcp,sv_P553
25,udp,sv_P1251
669,udp,sv_P1386
27017,tcp,sv_P1925
23,udp,sv_P2309
443,tcp,sv_P1758
161,udp,sv_P2191
3306,tcp,sv_P2415
143,udp,sv_P1947
21,tcp,sv_P2431
67,tcp,sv_P252
22,tcp,sv_P1185
23,udp,sv_P524
993,udp,sv_P827
28017,tcp,sv_P2161
123,tcp,sv_P2117
8080,udp,sv_P1938
3306,udp,sv_P2430
53,udp,sv_P1941
27017,tcp,sv_P1903
443,tcp,sv_P1489
194,udp,sv_P1123
25,udp,sv_P1604
110,udp,sv_P2054
25,udp,sv_P1188
3306,udp,sv_P1204
465,udp,sv_P787
21,tcp,sv_P1157
6379,tcp,sv_P696
28017,tcp,sv_P900
8080,udp,sv_P530
995,tcp,sv_P2377
22,udp,sv_P653
143,udp,sv_P2306
25,tcp,sv_P385
143,udp,sv_P1888
162,udp,sv_P652
465,udp,sv_P304
25,udp,sv_P2209
993,udp,sv_P1416
5432,udp,sv_P1434
669,udp,sv_P2394
3306,udp,sv_P1652
143,tcp,sv_P1156
8080,tcp,sv_P1823
22,tcp,sv_P95
68,udp,sv_P771
23,tcp,sv_P1161
8443,tcp,sv_P1494
28017,udp,sv_P587
110,udp,sv_P2447
67,udp,sv_P1501
6379,udp,sv_P1699
22,tcp,sv_P1213
27017,udp,sv_P705
143,udp,sv_P1710
443,tcp,sv_P1831
8080,tcp,sv_P2183
23,udp,sv_P680
110,tcp,sv_P1396
993,tcp,sv_P2283
995,tcp,sv_P2016
8443,udp,sv_P951
23,udp,sv_P679
443,udp,sv_P1687
143,udp,sv_P340
161,udp,sv_P1557
995,udp,sv_P1512
110,tcp,sv_P182
27017,tcp,sv_P1557
443,udp,sv_P1942
995,udp,sv_P1259
143,udp,sv_P887
110,udp,sv_P776
123,udp,sv_P2493
669,tcp,sv_P90
123,tcp,sv_P2135
80,udp,sv_P890
50000,tcp,sv_P1472
28017,udp,sv_P723
162,udp,sv_P2480
8443,udp,sv_P1086
68,tcp,sv_P1483
21,tcp,sv_P211
28017,udp,sv_P1432
27017,udp,sv_P1156
143,udp,sv_P271
123,udp,sv_P1105
993,tcp,sv_P1987
995,udp,sv_P1291
68,tcp,sv_P339
161,tcp,sv_P1262
53,tcp,sv_P2137
21,tcp,sv_P1536
5432,udp,sv_P960
995,udp,sv_P1762
995,udp,sv_P904
587,tcp,sv_P340
194,tcp,sv_P2301
23,udp,sv_P869
5432,udp,sv_P230
993,udp,sv_P1448
67,udp,sv_P517
68,udp,sv_P191
22,udp,sv_P1466
53,udp,sv_P1902
3306,udp,sv_P1825
50000,udp,sv_P2263
443,udp,sv_P1168
27017,tcp,sv_P1348
143,udp,sv_P1821
21,udp,sv_P1403
993,udp,sv_P1770
162,udp,sv_P1707
21,udp,sv_P1101
21,udp,sv_P718
23,tcp,sv_P1043
80,tcp,sv_P1151
143,udp,sv_P2332
8080,tcp,sv_P2119
23,udp,sv_P973
27017,udp,sv_P948
22,udp,sv_P2333
68,tcp,sv_P304
162,udp,sv_P1534
5432,udp,sv_P410
995,tcp,sv_P1946
8443,tcp,sv_P360
669,udp,sv_P2144
23,tcp,sv_P1057
80,tcp,sv_P1047
161,udp,sv_P888
80,tcp,sv_P1856
6379,tcp,sv_P288
162,tcp,sv_P1125
8080,tcp,sv_P1044
123,udp,sv_P831
27017,udp,sv_P1732
80,tcp,sv_P1284
8080,tcp,sv_P1897
143,tcp,sv_P1307
23,tcp,sv_P1236
5432,udp,sv_P1919
80,udp,sv_P1720
5432,tcp,sv_P1853
25,udp,sv_P118
3306,tcp,sv_P1530
68,tcp,sv_P601
995,udp,sv_P852
995,udp,sv_P1881
465,udp,sv_P616
110,udp,sv_P1080
53,udp,sv_P1493
5432,tcp,sv_P1722
995,tcp,sv_P322
67,tcp,sv_P1812
68,tcp,sv_P320
993,udp,sv_P787
123,udp,sv_P1471
443,tcp,sv_P392
194,udp,sv_P1706
993,tcp,sv_P1583
22,udp,sv_P1303
8443,udp,sv_P1182
123,tcp,sv_P1687
143,udp,sv_P884
28017,tcp,sv_P848
8080,tcp,sv_P2239
6379,tcp,sv_P1663
53,tcp,sv_P1241
194,tcp,sv_P1042
3306,udp,sv_P1789
110,tcp,sv_P869
669,udp,sv_P1744
8080,tcp,sv_P1166
443,tcp,sv_P949
123,tcp,sv_P730
23,udp,sv_P2361
161,udp,sv_P515
993,tcp,sv_P1514
50000,tcp,sv_P2194
161,udp,sv_P1511
995,tcp,sv_P481
143,udp,sv_P1823
3306,tcp,sv_P1031
28017,tcp,sv_P1033
68,udp,sv_P1185
669,udp,sv_P1486
194,udp,sv_P995
67,tcp,sv_P1844
123,tcp,sv_P1739
162,tcp,sv_P1329
443,tcp,sv_P1873
8080,udp,sv_P1790
25,udp,sv_P1553
161,udp,sv_P1762
669,udp,sv_P2156
993,tcp,sv_P1775
3306,tcp,sv_P2336
25,udp,sv_P1197
67,udp,sv_P1618
22,udp,sv_P1484
669,udp,sv_P1035
22,udp,sv_P512
53,udp,sv_P2067
5432,tcp,sv_P1235
443,udp,sv_P856
194,udp,sv_P2453
22,udp,sv_P1030
161,tcp,sv_P1079
6379,tcp,sv_P985
50000,tcp,sv_P956
161,tcp,sv_P2062
8443,udp,sv_P1667
162,udp,sv_P2100
143,udp,sv_P786
25,tcp,sv_P2211
8443,udp,sv_P583
465,udp,sv_P2388
669,tcp,sv_P2094
587,tcp,sv_P1322
3306,udp,sv_P99
25,tcp,sv_P804
123,tcp,sv_P1177
8443,tcp,sv_P2391
161,udp,sv_P1554
162,udp,sv_P1503
110,udp,sv_P2367
23,tcp,sv_P2395
8443,tcp,sv_P3
53,tcp,sv_P2030
162,udp,sv_P817
995,udp,sv_P1768
465,tcp,sv_P2354
8443,tcp,sv_P2451
162,udp,sv_P732
3306,tcp,sv_P538
110,tcp,sv_P52
465,tcp,sv_P811
23,tcp,sv_P850
28017,udp,sv_P116
50000,tcp,sv_P289
143,udp,sv_P1617
587,tcp,sv_P919
23,tcp,sv_P1656
143,tcp,sv_P389
993,tcp,sv_P364
162,udp,sv_P1235
669,tcp,sv_P2477
80,tcp,sv_P2453
23,udp,sv_P1539
22,tcp,sv_P1978
80,udp,sv_P2162
5432,udp,sv_P36
8443,udp,sv_P911
143,tcp,sv_P748
27017,tcp,sv_P2405
67,tcp,sv_P297
28017,udp,sv_P1894
21,tcp,sv_P1824
8443,udp,sv_P880
161,tcp,sv_P1138
161,udp,sv_P502
68,udp,sv_P1566
23,udp,sv_P627
587,udp,sv_P1828
587,udp,sv_P931
68,tcp,sv_P2190
669,udp,sv_P1753
8443,udp,sv_P747
3306,tcp,sv_P1682
21,tcp,sv_P1384
995,tcp,sv_P2445
25,udp,sv_P288
8080,udp,sv_P2244
669,udp,sv_P1302
68,udp,sv_P194
161,tcp,sv_P1094
27017,tcp,sv_P2223
28017,tcp,sv_P325
23,tcp,sv_P2104
27017,udp,sv_P86
80,tcp,sv_P727
110,tcp,sv_P1871
67,tcp,sv_P463
67,tcp,sv_P486
194,udp,sv_P1390
50000,tcp,sv_P2441
587,tcp,sv_P880
50000,tcp,sv_P1233
143,udp,sv_P1356
50000,tcp,sv_P1762
465,udp,sv_P1731
68,udp,sv_P444
80,udp,sv_P619
27017,udp,sv_P828
162,udp,sv_P2175
21,tcp,sv_P2499
110,udp,sv_P473
5432,udp,sv_P2113
587,udp,sv_P2460
465,udp,sv_P891
6379,udp,sv_P2467
162,udp,sv_P1583
50000,tcp,sv_P1688
23,tcp,sv_P1278
5432,tcp,sv_P407
80,tcp,sv_P150
27017,udp,sv_P1437
669,udp,sv_P749
80,tcp,sv_P863
53,udp,sv_P206
465,udp,sv_P1811
587,tcp,sv_P2014
68,udp,sv_P254
194,udp,sv_P867
6379,tcp,sv_P1787
8080,tcp,sv_P1710
21,tcp,sv_P831
162,tcp,sv_P800
50000,tcp,sv_P219
53,tcp,sv_P1466
8443,udp,sv_P1987
587,tcp,sv_P1633
161,tcp,sv_P214
6379,tcp,sv_P1543
67,tcp,sv_P1200
68,tcp,sv_P1323
443,udp,sv_P1104
68,udp,sv_P1086
8443,udp,sv_P2125
80,udp,sv_P1458
25,udp,sv_P2121
53,tcp,sv_P747
67,udp,sv_P673
110,tcp,sv_P2259
22,udp,sv_P1421
6379,tcp,sv_P1119
23,tcp,sv_P1555
161,udp,sv_P1481
194,udp,sv_P1526
23,tcp,sv_P1709
6379,tcp,sv_P339
22,udp,sv_P1720
3306,tcp,sv_P1345
28017,udp,sv_P2202
21,tcp,sv_P955
27017,tcp,sv_P594
110,tcp,sv_P2441
465,udp,sv_P928
27017,udp,sv_P1000
123,udp,sv_P1714
28017,udp,sv_P1075
3306,tcp,sv_P1323
162,udp,sv_P889
28017,udp,sv_P1615
27017,udp,sv_P2045
5432,tcp,sv_P1948
443,tcp,sv_P1147
67,tcp,sv_P2238
3306,tcp,sv_P448
25,tcp,sv_P690
68,udp,sv_P252
995,tcp,sv_P267
8443,tcp,sv_P36
67,udp,sv_P2190
443,tcp,sv_P1654
123,tcp,sv_P1754
194,tcp,sv_P807
23,udp,sv_P1500
995,tcp,sv_P1643
993,tcp,sv_P1825
25,udp,sv_P1722
143,udp,sv_P1465
50000,tcp,sv_P1003
27017,tcp,sv_P9
67,tcp,sv_P2113
123,tcp,sv_P1153
110,udp,sv_P1626
27017,udp,sv_P1517
21,tcp,sv_P1953
465,tcp,sv_P1634
194,udp,sv_P43
22,tcp,sv_P1044
6379,udp,sv_P73
162,udp,sv_P112
6379,udp,sv_P2041
465,tcp,sv_P220
8443,udp,sv_P1491
68,tcp,sv_P2024
162,udp,sv_P1759
993,tcp,sv_P898
23,tcp,sv_P1520
28017,udp,sv_P1694
8080,tcp,sv_P1050
587,tcp,sv_P1766
995,udp,sv_P1580
23,udp,sv_P671
22,udp,sv_P377
110,udp,sv_P171
53,tcp,sv_P1849
27017,tcp,sv_P565
194,udp,sv_P1951
27017,udp,sv_P1264
28017,udp,sv_P1554
80,udp,sv_P838
465,udp,sv_P1012
669,tcp,sv_P394
8443,udp,sv_P1153
465,udp,sv_P1574
68,tcp,sv_P165
465,tcp,sv_P347
8443,udp,sv_P1027
669,tcp,sv_P2346
110,tcp,sv_P461
995,tcp,sv_P767
6379,udp,sv_P2215
465,tcp,sv_P2238
6379,udp,sv_P1221
68,tcp,sv_P1850
161,tcp,sv_P394
27017,tcp,sv_P2319
162,udp,sv_P1656
669,tcp,sv_P2180
669,tcp,sv_P102
3306,udp,sv_P2494
23,tcp,sv_P35
443,tcp,sv_P2279
161,tcp,sv_P443
25,udp,sv_P2057
465,udp,sv_P1765
8443,tcp,sv_P2010
993,tcp,sv_P2478
23,tcp,sv_P2144
6379,tcp,sv_P160
123,udp,sv_P2285
162,tcp,sv_P2360
194,tcp,sv_P1772
67,udp,sv_P2016
143,tcp,sv_P411
465,udp,sv_P1872
162,udp,sv_P2373
8080,tcp,sv_P112
143,tcp,sv_P435
68,tcp,sv_P1807
8443,udp,sv_P277
8443,udp,sv_P1652
6379,udp,sv_P1250
587,udp,sv_P361
110,udp,sv_P1360
21,udp,sv_P1545
995,udp,sv_P1601
67,udp,sv_P155
5432,tcp,sv_P645
443,tcp,sv_P1000
21,udp,sv_P1471
161,tcp,sv_P414
669,udp,sv_P2231
5432,tcp,sv_P1500
3306,tcp,sv_P1060
3306,udp,sv_P2370
8443,udp,sv_P73
995,udp,sv_P2237
993,tcp,sv_P577
23,udp,sv_P1326
995,tcp,sv_P197
443,tcp,sv_P1918
53,tcp,sv_P536
28017,udp,sv_P796
50000,udp,sv_P1237
669,udp,sv_P2370
50000,tcp,sv_P2445
5432,udp,sv_P1734
67,udp,sv_P1929
5432,udp,sv_P185
80,udp,sv_P1084
587,udp,sv_P335
68,tcp,sv_P1847
27017,udp,sv_P2418
8443,tcp,sv_P2123
67,tcp,sv_P696
21,tcp,sv_P568
6379,udp,sv_P2215
5432,udp,sv_P2409
669,tcp,sv_P1394
5432,tcp,sv_P149
25,tcp,sv_P2439
27017,udp,sv_P517
25,tcp,sv_P1786
123,tcp,sv_P1589
587,udp,sv_P59
3306,tcp,sv_P1021
80,tcp,sv_P849
143,tcp,sv_P1170
5432,tcp,sv_P80
993,tcp,sv_P483
53,udp,sv_P1360
22,udp,sv_P548
27017,udp,sv_P2300
28017,tcp,sv_P2216
68,udp,sv_P1509
28017,udp,sv_P1230
993,udp,sv_P625
993,tcp,sv_P1329
993,tcp,sv_P1947
8443,udp,sv_P1068
123,udp,sv_P2148
993,tcp,sv_P493
3306,tcp,sv_P824
162,udp,sv_P1108
6379,tcp,sv_P1343
587,tcp,sv_P1920
27017,tcp,sv_P1270
993,udp,sv_P279
50000,udp,sv_P2096
993,tcp,sv_P1140
23,tcp,sv_P53
6379,tcp,sv_P438
123,udp,sv_P2372
67,udp,sv_P990
123,udp,sv_P1008
110,udp,sv_P1154
80,udp,sv_P2095
50000,udp,sv_P2420
194,udp,sv_P1513
443,udp,sv_P2023
587,udp,sv_P2255
67,udp,sv_P1536
587,tcp,sv_P434
465,udp,sv_P1349
587,tcp,sv_P1828
669,udp,sv_P543
80,tcp,sv_P1473
67,tcp,sv_P2213
143,udp,sv_P1258
587,udp,sv_P353
80,tcp,sv_P1391
143,tcp,sv_P411
993,udp,sv_P297
443,tcp,sv_P193
194,tcp,sv_P2201
3306,tcp,sv_P267
53,tcp,sv_P2392
53,udp,sv_P2434
25,udp,sv_P1540
3306,tcp,sv_P517
6379,tcp,sv_P224
8443,udp,sv_P1229
587,tcp,sv_P2280
80,udp,sv_P1108
22,tcp,sv_P1620
123,tcp,sv_P1312
161,udp,sv_P323
587,tcp,sv_P2227
8443,tcp,sv_P1161
5432,udp,sv_P1464
68,tcp,sv_P2067
161,tcp,sv_P232
587,tcp,sv_P2350
995,tcp,sv_P1301
68,udp,sv_P1411
28017,tcp,sv_P1636
80,udp,sv_P1446
443,tcp,sv_P495
23,udp,sv_P1650
80,tcp,sv_P786
993,udp,sv_P1006
6379,tcp,sv_P109
6379,tcp,sv_P1892
8443,udp,sv_P79
6379,udp,sv_P1927
8443,tcp,sv_P178
465,tcp,sv_P619
22,tcp,sv_P2109
993,udp,sv_P1779
110,udp,sv_P1935
8443,udp,sv_P1549
443,tcp,sv_P770
194,tcp,sv_P2245
28017,tcp,sv_P277
3306,tcp,sv_P2068
443,tcp,sv_P349
23,udp,sv_P1895
80,udp,sv_P793
143,tcp,sv_P1382
53,tcp,sv_P180
6379,tcp,sv_P581
669,tcp,sv_P1553
80,tcp,sv_P475
669,udp,sv_P936
67,tcp,sv_P1200
3306,udp,sv_P822
161,tcp,sv_P2489
8443,udp,sv_P1856
194,udp,sv_P279
22,udp,sv_P911
123,tcp,sv_P1274
23,udp,sv_P1337
21,tcp,sv_P2342
587,tcp,sv_P317
143,udp,sv_P1915
123,udp,sv_P1171
110,tcp,sv_P1177
995,udp,sv_P1934
22,tcp,sv_P981
3306,tcp,sv_P1624
67,udp,sv_P2080
443,tcp,sv_P2133
50000,tcp,sv_P2215
123,tcp,sv_P342
110,tcp,sv_P1521
